#Datasets,EXB015.A2301,EXB015.A2901,JAE006.A0101,JAE007.A0101,JAE008.A0101,JAE009.A0101,JAE010.A0101,JAE012.A0101,JAE013.A0101,JAE014.A0101,JAE015.A0101,JAE016.A0101,LIB007.A0119,LIB007.A0124,VLC001.A0101,VLC002.A0101,VLC003.A0101,VLC004.A0101,VLC005.A0101,VLC008.A0101,VLC009.A0101,VLC010.A0101
Bacteroides heparinolyticus,0,0,0,0,0,35690,0,0,0,8402,6711,16943,0,0,60367,0,0,0,0,0,0,0
Bacteroides vulgatus,0,0,0,0,0,0,0,0,0,0,4146,0,0,0,0,0,0,0,0,0,0,0
Bacteroides zoogleoformans,0,0,0,0,0,9502,0,0,0,17167,10550,39990,0,0,4995,1187,2819,0,0,0,2941,0
Porphyromonas catoniae,0,0,60164,24359,101715,158996,72724,96691,47391,84538,0,118048,0,165,24963,35916,116850,46744,49619,31135,139696,4425
Porphyromonas gingivalis,0,0,12635,13837,18729,636915,138084,28140,4281,261294,404374,1088116,0,6030,816359,7406,2451,35394,71050,68053,9194,0
Porphyromonas gulae,0,0,0,0,0,0,0,0,0,0,0,0,0,0,3489,0,0,0,0,0,0,0
Porphyromonas sp. KLE 1280,0,0,0,0,67920,9534,63960,101748,46975,4565,0,0,0,123,0,3972,41490,6255,3377,0,5043,0
Porphyromonas sp. oral taxon 278,0,0,0,6453,42116,10535,18290,25428,7711,4386,7222,0,0,0,0,6119,9707,8624,0,0,6586,2009
Alloprevotella rava,0,0,0,0,0,0,0,0,0,0,0,0,0,0,0,0,0,7835,0,0,0,0
Alloprevotella tannerae,0,0,0,0,31299,0,0,9625,0,4329,4796,23857,0,78,146805,1266,0,175469,0,7988,0,0
Prevotella sp. oral taxon 473,0,0,0,0,0,14560,0,0,0,0,0,0,0,0,20826,0,0,9148,0,0,0,0
Paraprevotella clara,0,0,18583,7914,0,0,0,0,5287,0,0,0,0,0,0,0,5087,0,4124,0,0,0
[Hallella] seregens,0,0,0,0,0,0,0,0,0,0,5047,10973,0,0,5682,0,0,0,0,3851,0,0
Prevotella amnii,0,0,0,0,0,0,0,7304,0,0,0,0,0,0,0,0,0,0,0,0,0,0
Prevotella baroniae,0,0,0,0,27739,6734,0,7484,0,7231,32237,30066,0,97,16237,3743,5297,0,0,3891,0,0
Prevotella bivia,11,0,0,0,0,0,0,0,0,0,0,0,0,0,0,0,0,0,0,0,0,0
Prevotella buccae,0,0,0,0,0,9721,0,0,0,0,4021,0,0,0,14572,5263,5197,100290,0,19195,0,0
Prevotella conceptionensis,0,0,0,0,7145,14314,0,5914,4530,0,0,27849,0,0,5621,2777,0,15753,0,0,7986,1964
Prevotella dentalis,0,0,0,0,0,0,0,0,0,0,5149,11844,0,0,7243,0,0,0,0,0,0,0
Prevotella denticola,0,0,0,0,0,0,0,0,0,0,0,0,0,0,0,0,0,22565,0,0,0,0
Prevotella enoeca,0,0,0,0,19512,8023,0,5975,0,0,0,0,0,0,20826,0,0,14892,0,0,0,0
Prevotella intermedia,0,0,0,0,53762,47227,0,23016,0,28456,16121,49330,0,395,48581,14609,0,23049,37472,43094,4401,0
Prevotella loescheii,0,0,24566,0,407143,147992,20280,154828,0,103873,21494,16820,0,0,47792,28994,31172,83663,23886,3430,115513,20038
Prevotella maculosa,0,0,0,0,8005,14979,0,12123,0,10705,0,25234,0,0,11867,1508,3785,41292,4776,4488,7671,2855
Prevotella marshii,0,0,0,0,0,0,0,0,0,4561,8224,7766,0,0,0,0,0,3344,0,0,0,0
Prevotella melaninogenica,0,0,0,0,0,0,0,0,5926,0,0,0,0,0,10361,2387,0,4365,0,0,0,0
Prevotella micans,0,0,0,0,5177,12700,0,7930,0,17954,0,42203,0,0,0,0,0,14599,0,3050,0,2181
Prevotella multiformis,0,0,0,0,0,0,0,0,0,0,0,0,0,0,0,0,0,65704,0,0,0,0
Prevotella nigrescens,0,0,0,0,8664,0,0,0,0,0,0,0,0,52,3002,0,0,90850,0,0,0,0
Prevotella oralis,0,0,0,0,0,0,0,0,0,0,10263,12879,0,0,28384,1302,0,23805,0,13859,0,3528
Prevotella oris,0,0,0,0,0,0,0,0,0,0,0,0,0,0,4739,0,0,17142,0,3979,0,0
Prevotella oulorum,0,0,0,0,0,0,0,0,0,0,0,0,0,0,0,0,2779,6666,0,0,0,0
Prevotella pallens,0,0,0,0,0,0,0,0,0,0,0,0,0,0,0,0,0,7328,0,0,0,0
Prevotella saccharolytica,0,0,0,11970,133469,27534,18159,98257,13547,54072,4541,43019,0,69,0,8295,14248,48277,8221,7854,17551,6265
Prevotella salivae,0,0,0,0,0,0,0,0,0,0,0,0,0,0,0,0,0,3167,0,0,0,0
Prevotella shahii,0,0,0,0,7292,6327,0,0,0,0,0,0,0,0,0,0,0,8101,0,0,0,0
Prevotella veroralis,0,0,0,0,0,0,0,0,0,0,0,0,0,0,0,0,0,3731,0,0,0,0
Prevotella sp. F0091,0,0,0,0,0,0,0,0,0,0,0,0,0,0,15187,0,0,0,0,0,0,0
Prevotella sp. HMSC069G02,0,0,0,0,0,0,0,0,0,0,0,0,0,0,0,0,0,4699,0,0,0,0
Prevotella sp. HMSC073D09,0,0,0,0,7479,16219,0,6499,4894,0,0,29440,0,0,6208,2797,0,17095,0,0,8137,2015
Prevotella sp. KH2C16,0,0,0,0,0,0,0,0,0,0,76165,0,0,0,11850,4645,0,62430,0,8551,0,0
Prevotella sp. oral taxon 317,0,0,0,0,30156,18848,0,10704,5894,0,0,29025,0,68,8189,5542,2438,18842,0,0,9774,4528
Prevotella sp. oral taxon 472,0,0,23208,0,403721,134598,19202,155555,0,100323,21637,16862,0,50,47554,27920,29302,85241,16056,3234,119550,19208
Tannerella forsythia,71,0,34813,86355,343755,549478,254271,29249,0,478589,2129069,4409114,0,5360,1135600,56849,6169,70742,923734,724950,214779,6343
Tannerella sp. oral taxon HOT-286,11,0,46522,53868,150967,121367,45009,79120,91789,314220,25184,487119,0,208,92001,24823,27168,137890,38849,47882,47402,9397
Phocaeicola abscessus,59,0,93995,24034,214736,407419,393263,186465,75250,2124993,2759269,1537450,0,490,804419,163709,230236,302577,314633,230083,46252,0
Bacteroidales bacterium WCE2004,0,0,0,0,0,0,0,0,0,7225,4393,0,0,0,0,0,0,0,0,0,0,0
Cytophaga aurantiaca,19,0,0,0,0,0,0,0,0,0,0,0,0,0,0,0,0,0,0,0,0,0
Runella zeae,12,0,0,0,0,0,0,0,0,0,0,0,0,0,0,0,0,0,0,0,0,0
Bergeyella zoohelcum,0,0,0,6505,0,0,0,6520,0,0,0,0,0,0,0,0,0,0,0,0,0,0
Capnocytophaga gingivalis,11,0,1694796,3045260,541066,271971,1126948,2819611,570504,293557,87535,61725,0,267,287593,98086,323356,252506,897831,281607,192710,88347
Capnocytophaga granulosa,0,0,320299,94630,286770,436986,449144,104263,486114,38826,35367,55675,0,341,336815,49796,385629,297509,61489,56401,135063,41199
Capnocytophaga haemolytica,0,0,0,0,0,0,163002,0,0,0,0,0,0,98,0,15491,0,45721,0,0,5372,1714
Capnocytophaga leadbetteri,0,0,1290344,558730,373566,120744,221820,475502,513423,57899,17645,39423,0,43,134166,57254,458915,149101,243874,24984,94695,14549
Capnocytophaga ochracea,0,0,21745,15533,31048,42694,35200,40541,22089,12384,0,9030,0,0,22841,4402,10293,21577,22555,11511,27481,5456
Capnocytophaga sputigena,0,0,421980,263035,916638,342058,1450358,1055360,538384,201261,89063,88612,0,123,551841,112988,171803,134427,868119,531629,487361,28302
Capnocytophaga sp. ChDC OS43,0,0,44259,37866,75305,30106,81403,86595,50622,16634,3856,17458,0,0,62426,8447,15704,31733,80017,34323,13017,2470
Capnocytophaga sp. oral taxon 323,0,0,8741,0,11436,8507,8936,17103,5230,0,0,0,0,0,8435,1427,3043,6063,7291,3174,12326,1530
Capnocytophaga sp. oral taxon 324,0,0,11827,9091,9612,7648,12498,10960,7795,0,0,0,0,0,6356,1356,3114,6082,8164,2995,7921,1640
Capnocytophaga sp. oral taxon 326,0,0,48225,39610,81969,34923,100509,106444,57346,18133,4685,24532,0,80,64844,8421,21696,40956,77488,32906,14221,2648
Capnocytophaga sp. oral taxon 329,0,0,574788,251408,149889,60702,87393,193256,212728,24524,7610,25484,0,0,54816,26958,182296,58349,136576,8948,45275,6565
Capnocytophaga sp. oral taxon 332,0,0,307811,66143,145227,59251,13867,78090,21621,48798,4887,12742,0,0,10348,22462,226904,133486,24350,3654,5958,12312
Capnocytophaga sp. oral taxon 336,0,0,13265,9743,9190,9889,10941,16632,6658,0,0,0,0,0,7039,1438,3526,7331,12075,3728,7735,1508
Capnocytophaga sp. oral taxon 338,0,0,43556,46218,22245,16293,28030,37131,33576,11031,0,0,0,0,10515,5398,17885,13136,27306,9756,8092,2771
Capnocytophaga sp. oral taxon 380,0,0,9567,6567,14063,9171,17497,13458,9244,4599,0,0,0,0,9572,1412,3952,7296,8155,5713,9638,1937
Capnocytophaga sp. oral taxon 863,0,0,721663,95920,57583,62772,76900,73036,149693,21690,4566,13998,0,0,25611,26517,38900,36175,50807,20002,11954,12463
Capnocytophaga sp. oral taxon 864,0,0,0,0,12055,6447,9504,10564,3956,0,0,0,0,0,5837,0,2734,5224,6598,0,7606,1619
Capnocytophaga sp. oral taxon 878,0,0,159621,122773,33571,19585,94876,333477,46963,63849,19179,0,0,0,20445,15064,25001,32701,83359,11249,22103,1730
Cloacibacterium normanense,0,0,0,6226,0,0,0,5608,0,0,0,0,0,0,0,0,0,0,0,0,0,0
Riemerella anatipestifer,0,0,10187,9144,0,0,0,9126,4435,0,0,0,0,0,0,0,0,0,4113,0,0,0
Pedobacter sp. V48,25,0,0,0,0,0,0,0,0,0,0,0,0,46,0,0,0,0,0,0,0,0
Bacteroidetes oral taxon 274,70,0,84454,91340,1034171,504469,129545,277306,60226,444614,53931,2639614,0,701,210063,65153,200010,390093,168516,313760,293512,19469
Candidatus Kryptobacter tengchongensis,30,374,0,0,0,0,0,0,0,0,0,0,34,530,0,0,0,0,0,0,0,0
Candidatus Kryptonium thompsoni,1372,454,0,0,6281,0,0,5487,4827,0,0,0,4183,829,40505,10412,21042,33442,26132,28598,21364,14075
Fusobacterium hwasookii,0,0,50770,535330,79237,43705,0,110275,73049,76972,7903,0,0,0,5250,2562,0,7378,96487,24819,36400,4581
Fusobacterium naviforme,0,0,0,0,0,0,0,0,0,4855,17540,0,0,0,0,0,0,0,0,0,0,0
Fusobacterium nucleatum,0,0,28632,713985,270273,113256,175859,355879,87961,59631,11735,292091,0,2801,624139,13215,28682,187566,107619,38929,64604,14557
Fusobacterium periodonticum,0,0,0,57026,21976,5491,0,18328,10930,15504,4319,0,0,0,6166,3143,0,3891,15859,0,3605,0
Fusobacterium sp. HMSC064B11,0,0,0,27255,0,0,0,13323,0,0,0,0,0,0,3971,0,0,0,0,0,0,0
Fusobacterium sp. HMSC064B12,0,0,0,8405,0,0,0,0,0,0,0,0,0,0,8847,0,0,0,0,0,0,0
Fusobacterium sp. oral taxon 203,0,0,0,20337,0,12499,0,0,0,0,0,0,0,0,10623,0,0,0,11882,0,0,0
Fusobacterium sp. oral taxon 370,0,0,0,0,0,0,0,0,0,0,0,0,0,0,3115,0,0,0,0,0,0,0
Leptotrichia buccalis,0,0,0,0,22775,23948,0,17629,0,29513,0,88992,0,57,5102,1839,8020,12360,7130,0,10891,0
Leptotrichia goodfellowii,0,0,24227,19303,60122,8629,13237,0,0,4964,0,9555,0,64,0,4172,8688,9208,45685,6292,10000,4794
Leptotrichia hofstadii,0,0,0,7387,10077,11677,0,108369,13825,11896,0,22113,0,0,21069,1200,10185,15047,4982,0,8619,0
Leptotrichia shahii,0,0,0,0,0,0,0,9601,0,0,0,7957,0,0,0,0,0,0,0,0,0,0
Leptotrichia trevisanii,0,0,0,8549,8770,8270,0,32997,0,22245,0,46082,0,0,7475,0,4673,3459,3479,0,4815,0
Leptotrichia wadei,0,0,0,7106,6300,5592,0,25154,3440,9993,0,22101,0,0,6965,0,3427,7399,0,0,3383,0
Leptotrichia sp. oral taxon 212,0,0,125973,832338,284683,97858,103794,554388,145854,88752,6378,19000,0,83,54504,21119,56189,88689,123363,31505,35870,9092
Leptotrichia sp. oral taxon 215,0,0,27653,91038,58081,12175,22473,48242,20453,21367,5300,0,0,0,4826,5012,11959,11715,29234,5666,8040,2833
Leptotrichia sp. oral taxon 225,0,0,0,6811,11069,16230,0,52807,10491,13818,0,13684,0,0,30868,1870,16772,9559,6087,0,7097,0
Leptotrichia sp. oral taxon 498,0,0,0,0,0,0,0,0,0,0,0,0,0,0,0,0,0,15193,0,0,0,0
Leptotrichia sp. oral taxon 879,0,0,0,0,6948,8854,0,193062,3534,5474,0,10752,0,0,8161,0,3095,9662,3338,0,10128,0
Asticcacaulis excentricus,47,0,0,0,0,0,0,0,0,0,0,0,0,0,0,0,0,0,0,0,0,0
Caulobacter sp. FWC26,75,36,0,0,0,0,0,0,0,0,0,0,0,0,0,0,0,0,0,0,0,0
Bradyrhizobium japonicum,14,0,0,0,0,0,0,0,0,0,0,0,0,0,0,0,0,0,0,0,0,0
Bradyrhizobium sp. SK17,41,41,0,0,0,0,0,0,0,0,0,0,35,104,0,0,0,0,0,21060,0,0
Bradyrhizobium sp. WSM3983,0,0,0,0,0,0,0,0,0,0,0,0,0,43,0,0,0,0,0,0,0,0
Methylobacterium radiotolerans,237,5539,0,0,0,0,0,0,0,0,0,0,570,7594,4722,0,0,3431,3687,0,2692,1676
Methylosinus sp. LW4,13,0,0,0,0,0,0,0,0,0,0,0,26,0,0,0,0,0,0,0,0,0
Mesorhizobium sp. ORS 3324,585,179,0,0,0,0,0,0,0,0,0,0,51012,834,6903,0,9905,43455,36251,3445,5678,1921
Phyllobacterium myrsinacearum,20,95,0,0,0,0,0,0,0,0,0,0,55,55,0,0,0,0,0,0,0,0
Agrobacterium rhizogenes,0,31,0,0,0,0,0,0,0,0,0,0,0,0,0,0,0,0,0,0,0,0
Rhizobium miluonense,14,53,0,0,0,0,0,0,0,0,0,0,33,128,0,0,0,0,0,0,0,0
Rhizobium tropici,11,26,0,0,0,0,0,0,0,0,0,0,0,0,0,0,0,0,0,0,0,0
Rhizobium sp. AC27/96,0,29,0,0,0,0,0,0,0,0,0,0,0,0,0,0,0,0,0,0,0,0
Rhizobium sp. Root149,13,0,0,0,0,0,0,0,0,0,0,0,0,0,0,0,0,0,0,0,0,0
Rhizobium sp. WW_1,0,0,0,0,0,0,0,0,0,0,0,0,25,0,0,0,0,0,0,0,0,0
Sinorhizobium meliloti,12,0,0,0,0,0,0,0,0,0,0,0,3931,0,0,0,0,0,0,0,0,0
Rhizobiales bacterium,23,45,0,0,0,0,0,0,0,0,0,0,0,55,0,0,0,0,0,0,0,0
Paracoccus sp. 228,0,32,0,0,0,0,0,0,0,0,0,0,0,0,0,0,0,0,0,0,0,0
Anaplasma phagocytophilum,91,505,0,0,0,0,0,0,0,0,0,0,172,750,0,0,0,0,0,0,0,0
Sphingobium yanoikuyae,0,29,0,0,0,0,0,0,0,0,0,0,0,0,0,0,0,0,0,0,0,0
Sphingomonas echinoides,61,896,0,0,0,0,0,0,0,0,0,0,0,0,0,0,0,0,0,0,0,0
Sphingomonas koreensis,31,0,0,0,0,0,0,0,0,0,0,0,0,0,0,0,0,0,0,0,0,0
Sphingomonas melonis,0,40,0,0,0,0,0,0,0,0,0,0,0,0,0,0,0,0,0,0,0,0
Sphingomonas sp. IBVSS2,12,50,0,0,0,0,0,0,0,0,0,0,0,114,0,0,0,0,0,0,0,0
Achromobacter insuavis,12,0,0,0,0,0,0,0,0,0,0,0,0,0,0,0,0,0,0,0,0,0
Achromobacter sp. DMS1,0,0,18912,8329,0,0,0,0,0,0,0,0,0,0,0,0,0,0,0,0,0,1900
Alcaligenes faecalis,0,0,0,0,0,0,0,0,0,0,0,0,0,0,0,0,2535,0,0,0,0,0
Bordetella hinzii,0,0,0,0,0,0,0,0,0,0,0,0,0,0,0,0,4334,0,0,0,0,0
Burkholderia cenocepacia,0,0,0,0,0,0,0,0,0,0,0,0,0,0,0,0,0,0,0,6890,0,0
Burkholderia cepacia,0,0,0,0,0,0,0,0,0,0,0,0,0,0,0,0,0,0,0,4353,0,0
Burkholderia contaminans,26,30,0,0,0,0,0,0,0,0,0,0,55,63,0,0,0,0,0,278352,18439,0
Burkholderia lata,0,25,0,0,0,0,0,0,0,0,0,0,0,0,0,0,0,0,0,3128,0,0
Burkholderia stabilis,0,0,0,0,0,0,0,0,0,0,0,0,0,0,0,0,0,0,0,120369,6895,0
Burkholderia sp. CQ001,0,0,0,0,0,0,0,0,0,0,0,0,0,0,0,0,0,0,0,61529,4055,0
Burkholderia sp. K24,111,460,0,0,0,0,0,0,0,0,0,0,180,423,0,0,0,0,0,0,0,0
Cupriavidus metallidurans,0,0,0,0,0,0,0,0,0,0,0,0,0,41,0,0,0,0,0,0,0,0
Cupriavidus oxalaticus,0,0,0,0,0,0,0,0,0,0,0,0,2019,0,0,0,0,0,0,0,0,0
Lautropia mirabilis,31,106,4787594,2245333,1602177,1458132,1322068,11510967,2108844,1774935,193888,113154,0,207,1363307,455835,2780600,1846855,2215706,3373102,351095,271659
Paraburkholderia aspalathi,0,30,0,0,0,0,0,0,0,0,0,0,0,0,0,0,0,0,0,0,0,0
Paraburkholderia fungorum,190,578,0,0,0,0,0,0,0,0,0,0,363,798,0,0,0,0,0,0,0,0
Paraburkholderia phytofirmans,16,0,0,0,0,0,0,0,0,0,0,0,0,56,0,0,0,0,0,0,0,0
Paraburkholderia tropica,0,0,0,0,0,0,0,0,0,0,0,0,0,42,0,0,0,0,0,0,0,0
Ralstonia insidiosa,114,363,0,0,0,0,0,0,0,0,0,0,182,674,0,0,0,0,0,0,0,0
Ralstonia pickettii,0,38,0,0,0,0,0,0,0,0,0,0,0,65,0,0,0,0,0,0,0,0
Ralstonia sp. MD27,400,1001,0,0,0,0,0,0,0,0,0,0,649,1775,0,0,0,0,0,0,0,0
Acidovorax sp. GW101-3H11,0,0,0,0,0,0,0,0,0,0,0,0,0,0,0,0,3068,0,0,0,0,0
Acidovorax sp. JS42,0,0,0,0,0,0,0,0,0,0,0,0,0,0,0,6795,0,0,0,0,0,0
Acidovorax sp. KKS102,41,0,0,0,0,0,0,0,0,0,0,0,0,0,0,0,0,0,0,0,0,0
Comamonas aquatica,13,0,0,0,0,0,0,0,0,0,0,0,0,0,0,0,0,0,0,0,0,0
Comamonas serinivorans,0,0,0,0,0,0,0,0,0,4351,0,0,0,0,0,0,0,0,0,0,0,0
Curvibacter sp. PAE-UM,0,52,0,0,0,0,0,0,0,0,0,0,0,170,0,0,0,0,0,0,0,0
Diaphorobacter polyhydroxybutyrativorans,0,0,0,0,0,0,0,0,0,0,0,0,0,0,0,0,4517,0,0,0,0,0
Melaminivora alkalimesophila,0,0,8080,0,0,0,0,0,0,0,0,0,0,0,0,0,0,0,0,0,0,0
Ottowia oryzae,0,0,0,0,0,8743,0,0,0,15746,0,0,0,0,0,0,0,0,0,0,0,0
Ottowia sp. Marseille-P4747,13,0,3272566,1488495,3249802,483077,762751,0,239264,241370,10296,611483,0,208,314040,1222927,1687654,215784,1426990,448067,130537,327225
Ottowia sp. oral taxon 894,0,0,3754612,1710135,3211341,467146,725051,0,229712,234314,9954,606028,0,281,300261,699886,1624983,242588,1292098,434791,116846,325406
Pelomonas sp. Root1217,34,0,0,0,0,0,0,0,0,0,0,0,0,0,0,0,0,0,0,0,0,0
Pelomonas sp. Root1237,41,0,0,0,0,0,0,0,0,0,0,0,0,0,0,0,0,0,0,0,0,0
Pelomonas sp. Root1444,84,0,0,0,0,0,0,0,0,0,0,0,0,0,0,0,0,0,0,0,0,0
Pelomonas sp. Root662,46,40,0,0,0,0,0,0,0,0,0,0,0,0,0,0,0,0,0,0,0,0
Rhodoferax koreense,0,31,0,0,0,0,0,0,0,0,0,0,0,0,0,0,0,0,0,0,0,0
Variovorax sp. HW608,0,0,10091,0,0,0,0,0,0,0,0,0,0,0,0,0,0,0,0,0,0,0
Variovorax paradoxus,0,27,0,0,0,0,0,0,0,0,0,0,0,40,0,0,0,0,0,0,0,0
Herbaspirillum sp. XFZ15,18,0,0,0,0,0,0,0,0,0,0,0,0,0,0,0,0,0,0,0,0,0
Janthinobacterium agaricidamnosum,13,0,0,0,0,0,0,0,0,0,0,0,0,0,0,0,0,0,0,0,0,0
Janthinobacterium lividum,19,68,0,0,0,0,0,0,0,0,0,0,48,55,0,0,0,0,0,0,0,0
Janthinobacterium svalbardensis,14,45,0,0,0,0,0,0,0,0,0,0,34,63,0,0,0,0,0,0,0,0
Janthinobacterium sp. 1_2014MBL_MicDiv,13,0,0,0,0,0,0,0,0,0,0,0,29,61,0,0,0,0,0,0,0,0
Janthinobacterium sp. GW458P,0,25,0,0,0,0,0,0,0,0,0,0,35,63,0,0,0,0,0,0,0,0
Janthinobacterium sp. LM6,0,0,0,0,0,0,0,0,0,0,0,0,30,0,0,0,0,0,0,0,0,0
Janthinobacterium sp. OK676,0,32,0,0,0,0,0,0,0,0,0,0,0,0,0,0,0,0,0,0,0,0
Janthinobacterium sp. TND4EL3,13,0,0,0,0,0,0,0,0,0,0,0,49,50,0,0,0,0,0,0,0,0
Methylibium petroleiphilum,12,0,0,0,0,0,0,0,0,0,0,0,0,0,0,0,0,0,0,0,0,0
Mitsuaria sp. 7,14,0,0,0,0,0,0,0,0,0,0,0,0,0,0,0,0,0,0,0,0,0
Rubrivivax gelatinosus,11,0,0,0,0,0,0,0,0,0,0,0,0,0,0,0,0,0,0,0,0,0
Tepidimonas taiwanensis,22,0,0,0,0,0,0,0,0,0,0,0,0,0,0,0,0,0,0,0,0,0
Conchiformibius kuhniae,0,0,0,0,0,0,0,0,0,0,0,0,0,0,0,1223,0,0,0,0,0,0
Eikenella corrodens,0,0,1207935,1070247,368886,205195,524058,291637,419245,158825,41601,62516,0,95,58406,147870,255652,113947,378154,48478,238509,94988
Eikenella sp. HMSC061C02,0,0,155673,140686,21483,11678,36592,23228,27909,14255,0,0,0,0,5203,13093,18408,9946,26574,4511,20418,6739
Kingella denitrificans,0,0,92704,555324,21607,25270,35860,104069,786416,70021,18999,6828,0,0,48729,37714,12951,198977,166755,2970,6374,6328
Kingella oralis,0,0,0,0,9617,10097,486488,125971,40697,0,0,63722,0,0,41952,4002,3193,29638,8454,45386,66156,9455
Morococcus cerebrosus,0,0,357670,441625,44378,44746,59487,19896,267550,14026,6847,0,0,0,145310,13240,49444,30962,76108,0,164964,5489
Neisseria bacilliformis,0,0,24509,15869,0,253116,414182,1227273,326134,12687,0,0,0,90,30019,71116,453773,5629,58211,136211,136625,44396
Neisseria cinerea,0,0,0,0,0,0,0,0,8774,0,0,0,0,0,0,0,0,0,0,0,0,0
Neisseria elongata,0,0,2845543,2203866,50670,333945,159379,1254631,1388718,292382,103633,0,0,48,107787,55803,695974,135685,212050,223982,162167,88678
Neisseria gonorrhoeae,0,0,44008,48728,8323,8923,11285,7029,29087,0,0,0,0,0,4231,3711,8311,6016,8713,0,3157,0
Neisseria lactamica,0,0,27851,21713,0,0,0,0,13522,0,0,0,0,0,0,1923,2942,3791,4594,0,3080,0
Neisseria macacae,0,0,84085,105521,22608,5378,53572,7153,79846,7154,0,0,0,0,40556,7601,10359,46590,14125,0,3574,0
Neisseria meningitidis,0,0,71421,81273,12384,9167,13728,10727,58674,5362,0,0,0,0,6401,4654,8461,10067,13177,0,4796,1755
Neisseria mucosa,0,0,153611,190782,28031,0,8903,0,127246,0,0,0,0,0,13139,3661,62156,8474,5722,0,0,0
Neisseria perflava,0,0,0,7608,0,0,0,0,4407,0,0,0,0,0,0,0,0,0,0,0,0,0
Neisseria polysaccharea,0,0,11247,11778,0,0,0,0,7082,0,0,0,0,0,0,0,0,0,0,0,0,0
Neisseria shayeganii,0,0,0,0,0,0,0,0,0,0,0,0,0,0,0,2476,0,0,4917,0,3699,0
Neisseria sicca,0,0,274833,344686,47203,14173,18705,7622,229954,9487,0,0,0,0,26163,8064,110470,27018,23832,0,6817,0
Neisseria sp. 10023,0,0,0,0,0,0,0,0,0,0,0,0,0,0,0,1244,0,0,0,0,0,0
Neisseria sp. GT4A_CT1,0,0,48112,56001,10678,0,20556,0,43997,0,0,0,0,0,14971,3611,7142,18218,6842,0,0,0
Neisseria sp. HMSC03D10,0,0,171330,212648,13968,0,10542,0,129350,0,0,0,0,0,18003,4554,27900,10678,8231,0,0,0
Neisseria sp. HMSC055F11,0,0,14047,16585,6075,24779,0,0,17232,7778,5788,0,0,0,3945,1193,2667,3186,30450,0,26860,1792
Neisseria sp. HMSC055H02,0,0,89760,109739,14822,0,12786,0,77367,0,0,0,0,0,13014,3447,9231,13788,7772,0,3227,0
Neisseria sp. HMSC056A03,0,0,18735,18895,6650,0,0,0,22595,0,0,0,0,0,0,2627,0,5600,5269,0,0,0
Neisseria sp. HMSC059F02,0,0,25045,29894,6173,25089,0,0,13814,7473,5320,0,0,0,0,0,0,3538,11373,0,6911,0
Neisseria sp. HMSC061B04,0,0,12205,13810,0,0,0,0,3691,0,0,0,0,0,0,0,0,0,0,0,0,0
Neisseria sp. HMSC064D07,0,0,0,7399,0,0,0,0,4817,0,0,0,0,0,0,0,0,0,0,0,0,0
Neisseria sp. HMSC064E01,0,0,67711,81004,38712,8567,26091,6865,65751,15296,5109,0,0,0,18012,8973,7285,44473,152951,0,3941,0
Neisseria sp. HMSC064F04,0,0,38325,44753,134270,28343,0,0,37871,5434,0,0,0,0,5659,2182,2599,7521,31272,0,14202,1646
Neisseria sp. HMSC065C04,0,0,8184,9253,0,0,0,0,4858,0,0,0,0,0,0,0,0,0,0,0,0,0
Neisseria sp. HMSC065D04,0,0,78057,94625,20410,5890,47939,7259,93059,8355,0,0,0,0,35958,6899,7444,37321,12782,0,0,0
Neisseria sp. HMSC066H01,0,0,0,6606,0,0,0,0,4860,0,0,0,0,0,0,0,0,0,0,0,0,0
Neisseria sp. HMSC067H09,0,0,10736,13441,0,0,0,0,7970,0,0,0,0,0,0,0,0,0,0,0,0,0
Neisseria sp. HMSC068C04,0,0,8383,9946,0,0,0,15423,6320,0,0,0,0,0,0,1255,0,3153,0,0,0,0
Neisseria sp. HMSC069H12,0,0,12753,12595,5452,0,0,0,9814,0,0,0,0,0,0,2371,2247,4540,4923,0,0,0
Neisseria sp. HMSC06F02,0,0,0,0,0,0,0,0,3443,0,0,0,0,0,0,0,0,0,0,0,0,0
Neisseria sp. HMSC070E12,0,0,18890,23498,7110,33673,8412,0,17922,9189,6527,0,0,0,3366,1495,3332,3318,11423,0,11444,0
Neisseria sp. HMSC072C05,0,0,0,0,0,0,0,0,3950,0,0,0,0,0,0,0,0,0,0,0,0,0
Neisseria sp. HMSC072F04,0,0,59309,71990,15115,11899,10488,0,46072,5098,0,0,0,0,7829,3172,6248,12680,20270,0,3213,0
Neisseria sp. HMSC073B07,0,0,28196,34097,0,0,0,0,25213,0,0,0,0,0,5193,2502,4960,4417,3536,0,0,0
Neisseria sp. HMSC073G10,0,0,0,8130,0,0,0,0,5660,0,0,0,0,0,0,0,0,0,0,0,0,0
Neisseria sp. HMSC074B07,0,0,36966,44878,9756,0,16226,0,34956,0,0,0,0,0,16884,3332,4620,18988,7304,0,0,0
Neisseria sp. HMSC077D05,0,0,56600,64581,57278,6425,29233,6633,107922,11882,0,0,0,0,21855,14347,6876,81208,25949,0,3956,0
Neisseria sp. HMSC078C12,0,0,0,6409,0,0,0,0,4527,0,0,0,0,0,0,0,0,0,0,0,0,0
Neisseria sp. HMSC15C08,0,0,53030,63932,27601,15817,16740,0,74782,6294,0,0,0,0,8510,10275,7251,10348,24918,0,9351,1514
Neisseria sp. HMSC15G01,0,0,0,8024,0,0,0,0,0,0,0,0,0,0,0,0,0,0,0,0,0,0
Neisseria sp. HMSC31F04,0,0,283391,218324,6456,34820,17434,129750,133635,30443,10589,0,0,0,12099,6444,72912,15482,25091,25362,9920,9990
Neisseria sp. HMSC70E02,0,0,98256,119545,18275,0,50895,8350,93088,7476,0,0,0,0,172194,7189,9232,41939,11481,0,2741,0
Neisseria sp. KEM232,0,0,24237,64733,0,0,0,0,0,0,0,0,0,0,0,1710,3593,0,5173,0,0,0
Neisseria sp. oral taxon 014,0,0,49776,53881,101291,19091,17920,8983,35459,0,0,0,0,77,23150,54224,9275,14685,7844,0,7053,18494
Neisseria sp. oral taxon 020,0,0,0,7906,0,0,0,0,5309,0,0,0,0,0,0,2144,3551,0,5125,0,3779,0
Methylophilus methylotrophus,19,26,0,0,0,0,0,0,0,0,0,0,0,0,0,0,0,0,0,0,0,0
Methylophilus sp. TWE2,11,0,0,0,0,0,0,0,0,0,0,0,0,0,0,0,0,0,0,0,0,0
Candidatus Dactylopiibacterium carminicum,0,0,26404,11596,0,0,0,0,0,0,0,0,0,0,0,0,0,0,0,0,0,1657
Propionivibrio dicarboxylicus,0,0,0,0,0,0,0,0,0,0,0,0,0,0,0,0,0,8975,0,0,0,0
Azoarcus toluclasticus,0,0,0,0,0,0,0,0,0,0,0,0,0,0,0,1772,0,0,0,0,0,0
Thauera sp. MZ1T,0,0,9789,0,0,0,0,0,0,0,0,0,0,0,0,0,0,0,0,0,0,0
Desulfobulbus elongatus,0,0,0,0,0,0,0,0,0,0,0,12535,0,0,0,0,0,0,0,0,0,0
Desulfobulbus oralis,54,0,0,0,152922,715596,109976,0,13984,505101,427424,5323953,0,1027,518595,28386,28353,0,127767,232901,65355,46282
Desulfomicrobium orale,13,0,0,0,0,0,110769,0,0,149277,3350076,14576,0,0,0,0,0,0,0,0,9732,0
Bilophila wadsworthia,0,0,0,0,0,0,0,0,0,0,0,0,0,0,5968,1198,0,0,0,0,0,0
Bilophila sp. 4_1_30,0,0,0,0,0,0,0,0,0,0,0,0,0,0,3295,0,0,0,0,0,0,0
Desulfovibrio fairfieldensis,0,0,0,0,0,0,0,0,0,12444,21040,0,0,0,0,0,0,0,0,0,0,0
Desulfovibrio legallii,0,0,0,0,0,0,0,0,0,10881,4069,13589,0,0,0,0,0,0,0,0,0,0
Desulfovibrio piger,0,0,0,0,0,0,0,0,0,5730,0,7408,0,0,0,0,0,0,0,0,0,0
Desulfovibrio sp. 6_1_46AFAA,0,0,0,0,0,0,0,0,0,12376,20506,0,0,0,0,0,0,0,0,0,0,0
Campylobacter concisus,0,0,0,9391,44452,16201,11037,23696,25799,17144,7741,17971,0,64,9269,4352,11882,45933,10653,11237,33408,4521
Campylobacter curvus,0,0,0,0,7450,9436,19887,0,21326,4744,0,49176,0,75,36876,0,14005,144308,24307,15591,13450,20161
Campylobacter gracilis,0,0,0,0,207795,136434,56303,15486,55717,61590,13097,264744,0,175,37224,17979,15229,358675,31661,43969,114489,60179
Campylobacter showae,19,0,151670,179548,713629,306258,187931,562099,363750,354502,204656,327464,0,415,99797,112652,110905,138489,214446,206844,144814,95372
Helicobacter felis,13,0,0,0,0,0,0,0,0,0,0,0,37,0,0,0,0,0,0,0,0,0
Helicobacter suis,15,0,0,0,0,0,0,0,0,0,0,0,31,0,0,0,0,0,0,0,0,0
Shewanella decolorationis,2102,42,0,0,0,0,0,0,0,0,0,0,125406,45,0,0,0,0,0,0,0,0
Cardiobacterium hominis,0,42,339356,508312,234957,729458,143069,1635952,313928,141209,9486,265834,0,180,55768,255443,52271,531706,262221,133352,530654,78807
Cardiobacterium valvarum,0,0,548529,141829,705557,175499,156402,653482,79458,455708,17126,126646,0,145,35064,80969,173545,642314,201900,35398,318302,192254
Cellvibrio mixtus,13,0,0,0,0,0,0,0,0,0,0,0,0,0,0,0,0,0,0,0,0,0
Citrobacter werkmanii,17,0,0,0,0,0,0,0,0,0,0,0,0,0,0,0,0,0,0,0,0,0
Enterobacter hormaechei,23,0,0,0,0,0,0,0,0,0,0,0,50,0,0,0,0,0,0,0,0,0
Escherichia coli,91,127,0,0,0,0,0,0,0,0,0,0,119,113,0,0,0,0,0,0,0,0
Klebsiella michiganensis,46,182,0,0,0,0,0,0,0,0,0,0,79,252,0,0,0,0,0,0,0,0
Klebsiella oxytoca,0,35,0,0,0,0,0,0,0,0,0,0,0,0,0,0,0,0,0,0,0,0
Klebsiella pneumoniae,15,27,0,0,0,0,0,0,0,0,0,0,34,43,0,0,0,0,0,0,0,0
Salmonella enterica,256,0,0,0,0,0,0,0,0,0,0,0,557,0,4019,0,0,0,0,0,0,0
Edwardsiella piscicida,50,49,0,0,0,0,0,0,0,0,0,0,124,117,0,0,0,0,0,0,0,0
Proteus sp. HMSC10D02,0,28,0,0,0,0,0,0,0,0,0,0,0,0,0,0,0,0,0,0,0,0
Yersinia wautersii,0,28,0,0,0,0,0,0,0,0,0,0,0,51,0,0,0,0,0,0,0,0
Solimonas variicoloris,0,0,0,0,0,0,5245,0,0,0,0,0,0,0,0,0,0,0,0,0,0,0
Aggregatibacter actinomycetemcomitans,0,0,12099,15534,0,0,0,0,0,13395,0,0,0,76,0,0,0,0,9196,0,0,0
Aggregatibacter aphrophilus,0,0,2725011,3454025,116466,75157,27395,5631,12798,350110,31589,0,0,0,6729,41872,4252,7736,607044,14002,7164,3739
Aggregatibacter segnis,0,0,347847,400619,35586,45569,21822,32703,11967,209431,159718,6951,0,0,2859,18812,5632,18359,217761,0,42835,5679
Aggregatibacter sp. oral taxon 458,0,0,56267,64857,0,14896,0,16017,7735,17224,14536,0,0,0,0,2218,2550,16082,18376,0,10360,0
Haemophilus haemolyticus,0,0,13129,15965,0,0,0,0,0,0,0,0,0,0,0,0,0,0,4193,0,0,0
Haemophilus influenzae,0,0,8523,10083,0,0,0,0,0,0,0,0,0,0,0,0,0,0,0,0,0,0
Haemophilus parainfluenzae,0,0,172645,138377,109138,54680,440180,83761,210274,65780,6708,34991,0,0,220914,5327,76630,25307,54209,36240,152528,17382
Haemophilus sp. CCUG 60358,0,0,8624,9201,0,0,8019,0,3462,0,0,0,0,0,3141,0,0,0,0,0,0,0
Haemophilus sp. HMSC061E01,0,0,0,0,0,0,12598,0,3723,0,0,0,0,0,3958,0,0,0,0,0,0,0
Haemophilus sp. HMSC068C11,0,0,0,0,0,0,10216,0,4762,0,0,0,0,0,4399,0,0,0,0,0,0,0
Haemophilus sp. HMSC073C03,0,0,0,0,0,0,0,0,0,0,0,0,0,0,3088,0,0,0,0,0,0,0
Haemophilus sp. HMSC61B11,0,0,0,0,0,0,28814,0,9703,0,0,0,0,0,9628,0,2294,0,0,0,7420,0
Haemophilus sp. HMSC71H05,0,0,0,0,0,0,10549,0,3576,0,0,0,0,0,4967,0,0,0,0,0,0,0
Acinetobacter baumannii,15,0,0,0,0,0,0,0,0,0,0,0,0,0,0,0,0,0,0,0,0,0
Acinetobacter johnsonii,0,106,0,0,0,0,0,0,0,0,0,0,0,0,0,0,0,0,0,0,0,0
Acinetobacter junii,0,32,0,0,0,0,0,0,0,0,0,0,0,0,0,0,0,0,0,0,0,0
Moraxella osloensis,0,239,0,0,0,0,0,0,0,0,0,0,0,0,0,0,0,0,0,0,0,0
Pseudomonas aeruginosa,0,0,0,0,0,0,0,5524,0,0,0,0,0,55,0,2070,6854,0,0,0,0,2293
Pseudomonas mendocina,15,0,0,0,0,0,0,0,0,0,0,0,0,0,0,0,0,0,0,0,0,0
Pseudomonas nitroreducens,0,0,0,0,0,0,0,0,0,0,0,0,0,0,4992,0,0,0,0,0,0,0
Pseudomonas azotoformans,21,38,0,0,0,0,0,0,0,0,0,0,28,0,0,0,0,0,0,0,0,0
Pseudomonas fluorescens,61,47,0,0,0,0,0,0,0,0,0,0,80,84,0,0,0,0,0,0,0,0
Pseudomonas stutzeri,27,0,0,0,0,0,0,0,0,0,0,0,23,0,0,0,0,0,0,0,0,0
Pseudomonas syringae,83,186,0,0,0,7373,0,0,0,0,0,0,6712,1552,49799,1184,0,18264,23186,0,4475,0
Pseudomonas thermotolerans,14,0,0,0,0,0,0,0,0,0,0,0,0,0,0,0,0,0,0,0,0,0
Pseudomonas yamanorum,26,108,0,0,0,0,0,0,0,0,0,0,41,90,0,0,0,0,0,0,0,0
Pseudomonas sp. 24 E 13,2162,7616,0,0,0,0,0,0,0,0,0,0,393,342,0,6022,3068,0,0,8633,11410,7827
Pseudomonas sp. NC02,144,343,0,0,0,0,0,0,0,0,0,0,260,523,0,0,0,0,0,0,0,0
Pseudomonas sp. TKP,846,707,0,0,0,0,0,0,0,0,0,0,0,0,0,0,0,0,0,0,0,0
Francisellaceae bacterium,31,574,0,0,0,0,0,0,0,0,0,0,714,1399,0,0,0,0,0,0,0,0
Piscirickettsia salmonis,0,0,0,0,0,0,0,0,0,0,0,0,0,0,3215,0,0,0,0,0,0,0
Candidatus Competibacter denitrificans,12,0,0,0,0,0,0,0,0,0,0,0,0,0,0,0,0,0,0,0,0,0
Plasticicumulans acidivorans,0,0,0,0,0,0,0,0,0,0,0,0,0,0,0,0,0,0,7467,0,0,0
Vibrio sp. S234-5,13,0,0,0,0,0,0,0,0,0,0,0,24,0,0,0,0,0,0,0,0,0
Vibrio agarivorans,0,0,0,0,0,0,0,0,0,0,0,0,0,0,3458,0,0,0,0,0,0,0
Vibrio cyclitrophicus,0,110,0,0,0,0,0,0,0,0,0,0,0,243,0,0,0,0,0,0,0,0
Vibrio fortis,16,0,0,0,0,0,0,0,0,0,0,0,32,0,0,0,0,0,0,0,0,0
Vibrio campbellii,22,0,0,0,0,0,0,0,0,0,0,0,41,0,0,0,0,0,0,0,0,0
Vibrio owensii,0,0,0,0,0,0,0,0,0,0,0,0,0,0,4887,0,0,0,0,0,0,0
Vibrio parahaemolyticus,51,0,0,0,0,0,0,0,0,0,0,0,111,0,0,0,0,0,0,0,0,0
Vibrio rotiferianus,73,0,0,0,0,0,0,0,0,0,0,0,184,0,0,0,0,0,0,0,0,0
Stenotrophomonas maltophilia,39,74,0,0,0,0,0,0,0,0,0,0,0,0,0,0,0,0,0,0,0,0
Xanthomonas campestris,0,0,0,0,21875,0,0,0,0,0,0,0,0,0,0,0,0,0,0,0,0,0
Xanthomonas vasicola,51,0,0,0,0,0,0,0,0,0,0,0,87,0,0,0,0,0,0,0,0,0
Lacunisphaera limnophila,24,0,0,0,0,0,0,0,0,0,0,0,0,0,0,0,0,0,0,0,0,0
Opitutaceae bacterium TAV4,33,0,0,0,0,0,0,0,0,0,0,0,51,0,0,0,0,0,0,0,0,0
Verrucomicrobia bacterium,12,0,0,0,0,0,0,0,0,0,0,0,0,0,0,0,0,0,0,0,0,0
Treponema denticola,0,0,19048,74187,263367,240102,43555,0,0,418094,349538,57944,0,1371,600448,39846,12374,33061,145584,96940,37368,8093
Treponema lecithinolyticum,0,0,0,0,118383,52811,0,0,0,15493,35381,25115,0,256,24303,1348,0,4038,16223,32649,8234,0
Treponema maltophilum,0,0,12171,33630,123293,147834,41379,7415,7646,233288,359531,520293,0,500,236374,27437,29915,24471,80441,77880,23501,12338
Treponema medium,0,0,0,8737,12399,34035,0,9793,0,32136,86669,122072,0,202,18453,3750,0,67507,12918,16934,0,0
Treponema primitia,11,0,0,0,0,0,0,0,0,0,0,0,0,0,0,0,0,0,0,0,0,0
Treponema putidum,0,0,0,0,0,37550,0,0,0,16007,24853,0,0,0,5334,0,4786,0,0,2954,0,0
Treponema socranskii,0,0,17274,22070,107248,174087,121886,141133,11574,368145,461670,749224,0,548,308670,51042,68045,369224,91379,156081,35459,38238
Treponema vincentii,0,0,0,0,20713,24911,0,14832,0,9035,21377,36318,0,93,5570,6407,0,18381,6578,27019,3163,1649
Treponema sp. OMZ 838,0,0,0,21201,13139,26971,0,11395,0,29346,51460,125460,0,132,20424,1782,0,78467,12654,17033,0,2237
Aminobacterium colombiense,0,0,0,0,0,0,0,0,0,0,0,6064,0,0,0,0,0,0,0,0,0,0
Aminomonas paucivorans,0,0,0,0,0,0,0,0,0,7405,8074,18114,0,0,0,0,0,0,0,0,0,0
Jonquetella anthropi,0,0,0,0,10872,0,0,0,0,0,3888,8866,0,0,0,0,0,0,0,0,0,0
Thermanaerovibrio acidaminovorans,0,0,0,0,0,0,0,0,0,0,0,7124,0,0,0,0,0,0,0,0,0,0
Actinobaculum sp. oral taxon 183,0,0,0,0,0,0,0,0,0,0,0,9887,0,50,0,0,0,0,11230,0,0,71853
Actinomyces bouchesdurhonensis,0,0,0,0,0,0,8188,12890,10593,0,0,0,0,0,0,0,0,0,0,0,0,0
Actinomyces dentalis,199,0,20888,0,2143531,2969088,1336647,358659,77780,4802010,6120228,7574895,0,203,1008252,336360,158956,1537021,945852,1235670,2519821,1951431
Actinomyces denticolens,0,0,0,0,0,0,0,0,0,4952,0,0,0,0,0,0,0,0,0,0,0,0
Actinomyces gaoshouyii,0,0,0,0,0,0,0,0,0,6511,0,0,0,0,0,0,0,4686,0,0,0,0
Actinomyces gerencseriae,11,0,19683,0,416085,190479,103299,25655,11246,163126,115904,592983,0,125,38499,18267,8369,102253,26673,27529,73487,137013
Actinomyces glycerinitolerans,0,0,0,0,0,0,0,0,0,6661,0,0,0,0,0,0,0,0,0,0,0,0
Actinomyces graevenitzii,0,0,0,0,0,0,0,0,4709,0,0,0,0,0,0,0,0,0,0,0,0,0
Actinomyces israelii,29,0,16072,0,849162,1315589,364459,121748,84781,1454247,1100404,2327023,0,1656,444820,285793,163764,1619001,259338,537317,1074559,1433219
Actinomyces johnsonii,0,0,150201,7699,131868,84464,20637,6856,39945,38216,15912,138063,0,0,3800,2416,0,86090,45808,18183,63635,19550
Actinomyces massiliensis,0,0,17846,0,226150,291415,957325,39474,314562,209772,51142,177996,0,108,27068,145525,8770,418113,21824,86667,261161,479082
Actinomyces naeslundii,0,0,612516,38331,309775,338070,138563,33321,117639,159422,68291,98979,0,0,147241,41081,24930,142692,169720,57692,195361,68605
Actinomyces oris,0,64,361424,54608,348487,986831,3271299,341040,243504,199837,230627,58946,0,41,36252,39336,21197,118470,189055,96440,382205,118142
Actinomyces radicidentis,0,0,21152,0,76985,31529,0,43000,0,118341,13690,8129,0,0,0,8051,0,14514,30765,0,12881,2699
Actinomyces ruminicola,0,0,8544,0,38523,21633,5908,16723,0,69432,29679,33171,0,0,3703,4700,0,12427,14903,4064,9332,8364
Actinomyces slackii,0,0,0,0,19003,10718,0,8548,0,29918,8062,11317,0,63,0,2125,0,7678,6648,0,5156,3873
Actinomyces timonensis,0,0,0,0,24319,38457,0,12189,0,42488,11032,13157,0,0,0,15856,0,8434,12931,7176,8438,4260
Actinomyces urogenitalis,0,0,12742,0,45697,19510,0,26457,0,71279,10354,7846,0,0,0,4650,0,8239,17480,0,7713,2073
Actinomyces viscosus,0,0,10199,0,50808,42425,213254,18266,9629,11867,17264,8371,0,0,4160,2044,0,7395,9836,4442,29539,11337
Actinomyces sp. HMSC035G02,0,0,0,10753,5644,6223,49239,98359,64969,0,11620,0,0,0,0,2221,4221,0,0,0,2810,0
Actinomyces sp. HMSC062G12,0,0,0,0,0,12857,0,0,0,0,0,0,0,0,3299,0,0,0,0,0,0,0
Actinomyces sp. HMSC075C01,0,0,14281,0,8878,25687,34170,7524,8198,12205,10542,0,0,0,0,0,0,6132,10656,3338,10406,3939
Actinomyces sp. HMSC08A09,0,0,12014,0,74833,44017,237914,23764,11175,9436,13642,0,0,0,3811,1709,0,6605,10154,3943,30227,9451
Actinomyces sp. HPA0247,0,0,0,0,6368,0,20697,75436,50843,0,0,0,0,0,2663,2008,0,0,0,0,0,0
Actinomyces sp. oral taxon 170,0,0,452175,22750,14479,198368,22352,6604,82286,71516,13502,22524,0,42,73535,2105,0,33554,122546,40019,128201,272982
Actinomyces sp. oral taxon 171,0,61,126944,23541,9429,77590,94050,159759,17017,45194,11435,0,25,95,0,3325,0,196986,78007,9213,24395,8617
Actinomyces sp. oral taxon 172,0,0,0,0,0,0,16123,31623,24149,0,0,0,0,0,0,0,0,0,0,0,0,0
Actinomyces sp. oral taxon 178,0,0,0,0,0,7451,0,0,0,0,0,0,0,0,0,0,0,8988,0,0,58294,5426
Actinomyces sp. oral taxon 180,0,0,0,0,0,0,0,13053,10575,0,0,0,0,0,0,0,0,5301,0,0,3398,0
Actinomyces sp. oral taxon 414,47,25,12321,0,561996,1380920,588902,70136,17499,1585553,1939440,2729663,0,72,249753,200798,190566,794207,282487,351179,559404,554296
Actinomyces sp. oral taxon 448,0,0,0,0,20633,17441,7282,5751,0,31682,17929,36557,0,0,3027,2937,0,186223,5380,2930,9463,10203
Actinomyces sp. oral taxon 848,0,0,0,0,11090,14578,45791,0,0,0,0,134308,0,325,0,3140,0,5380,0,0,0,0
Actinomyces sp. oral taxon 849,0,0,63707,0,21240,28840,10051,0,13510,15429,4210,25553,0,0,0,0,0,36790,19040,6291,21046,6572
Actinomyces sp. oral taxon 877,0,0,0,0,0,20150,18971,11768,4059,6223,0,10959,0,0,0,2200,0,36097,0,0,196632,22976
Actinomyces sp. oral taxon 897,80,0,880000,57557,1635600,1955376,248414,100490,288435,2476637,926027,3419011,0,1197,560641,606548,470306,316935,302011,968753,867296,388479
Actinotignum timonense,247,220,0,0,0,0,0,0,0,0,0,0,0,0,0,0,0,0,0,0,0,0
Schaalia cardiffensis,0,0,0,0,70215,35346,33476,16593,6574,695740,475399,0,0,0,77158,19620,0,0,71218,63827,10261,0
Schaalia georgiae,0,0,0,0,0,0,0,0,0,0,0,0,0,0,0,0,0,4387,0,0,27858,3568
Schaalia meyeri,0,0,0,0,0,11806,0,0,0,0,0,0,0,0,4965,0,0,0,3760,0,0,0
Schaalia odontolytica,0,0,246513,685516,38367,272967,2315498,2550953,990661,25630,32534,6346,0,0,33206,24694,98680,7093,29099,108486,134444,25717
Bifidobacterium dentium,0,0,0,0,0,0,0,0,0,21313,35382,0,0,0,9843,0,0,0,0,0,0,0
Gardnerella vaginalis,0,205,0,0,0,0,0,0,0,0,0,0,0,84,0,0,0,0,0,0,0,0
Corynebacterium argentoratense,0,0,0,0,0,0,0,0,0,5786,0,0,0,0,0,1630,0,0,0,0,0,0
Corynebacterium aurimucosum,0,301,0,0,0,0,0,0,0,0,0,0,0,0,0,0,0,0,0,0,0,0
Corynebacterium durum,0,0,1023139,12786,0,567667,22429,238180,154608,82151,0,0,0,0,46919,20528,0,725806,260601,60310,23381,4297
Corynebacterium fournierii,11,41,0,0,0,0,0,0,0,0,0,0,0,0,0,0,0,0,0,0,0,0
Corynebacterium ihumii,21,192,0,0,0,0,0,0,0,0,0,0,0,0,0,0,0,0,0,0,0,0
Corynebacterium kroppenstedtii,0,63,0,0,0,0,0,0,0,0,0,0,0,0,0,0,0,0,0,0,0,0
Corynebacterium matruchotii,0,29,587074,0,636879,7159902,1038196,1505330,117211,516536,0,789196,0,898,142852,156041,65939,1416890,106145,0,3417652,2299274
Corynebacterium provencense,0,173,0,0,0,0,0,0,0,0,0,0,0,0,0,0,0,0,0,0,0,0
Corynebacterium pseudogenitalium,0,369,0,0,0,0,0,0,0,0,0,0,0,0,0,0,0,0,0,0,0,0
Corynebacterium ureicelerivorans,441,0,0,0,0,0,0,0,0,0,0,0,0,0,0,0,0,0,0,0,0,0
Corynebacterium urinapleomorphum,0,27,0,0,0,0,0,0,0,0,0,0,0,0,0,0,0,0,0,0,0,0
Corynebacterium sp. HMSC05E07,11,0,0,0,0,0,0,0,0,0,0,0,0,0,0,0,0,0,0,0,0,0
Dietzia sp. HMSC21D01,14,0,0,0,0,0,0,0,0,0,0,0,0,0,0,0,0,0,0,0,0,0
Mycobacterium kansasii,46,0,0,0,0,0,0,0,0,0,0,0,89,0,0,0,0,0,0,0,0,0
Mycobacterium leprae,0,0,0,0,0,0,0,0,0,0,0,0,0,0,4504,0,0,0,0,0,0,0
Mycobacterium marinum,12,0,0,0,0,0,0,0,0,0,0,0,0,0,0,0,0,0,0,0,0,0
Mycobacterium shigaense,0,0,0,0,0,0,0,0,0,0,0,0,25,0,0,0,0,0,0,0,0,0
Mycobacterium tuberculosis,0,0,0,0,0,0,0,0,0,0,0,0,0,0,19684,0,0,0,0,0,0,0
Mycolicibacterium houstonense,0,0,0,0,0,0,0,0,0,0,0,0,105,115,0,0,0,0,0,0,0,0
Rhodococcus erythropolis,0,89,0,0,0,0,0,0,0,0,0,0,0,0,0,0,0,0,0,0,0,0
Rhodococcus phenolicus,61,0,0,0,0,0,0,0,0,0,0,0,118,0,4819,0,0,3209,0,0,0,1499
Lawsonella clevelandensis,0,0,0,0,0,0,0,0,0,19527,0,0,0,0,9227,0,0,0,8726,0,0,0
Brevibacterium luteolum,0,33,0,0,0,0,0,0,0,0,0,0,0,0,0,0,0,0,0,0,0,0
Cellulomonas flavigena,0,0,0,0,0,0,31117,27113,12023,0,0,8235,0,0,0,0,0,0,0,0,0,0
Brachybacterium alimentarium,0,30,0,0,0,0,0,0,0,0,0,0,0,0,0,0,0,0,0,0,0,0
Brachybacterium muris,0,32,0,0,0,0,0,0,0,0,0,0,0,0,0,0,0,0,0,0,0,0
Brachybacterium sp. HMSC06H03,0,473,0,0,0,0,0,0,0,0,0,0,0,0,0,0,0,0,0,0,0,0
Kytococcus sedentarius,0,75,0,5942,0,0,29280,42457,30455,0,0,20085,0,0,0,1222,3038,6783,0,0,5300,1672
Kytococcus sp. CUA-901,0,38,0,0,0,0,0,0,0,0,0,0,0,0,0,0,0,0,0,0,0,0
Janibacter indicus,0,29,0,0,0,0,0,0,0,0,0,0,0,0,0,0,0,0,0,0,0,0
Tetrasphaera sp. Soil756,14,0,0,0,0,0,0,0,0,0,0,0,0,0,0,0,0,0,0,0,0,0
Cryocola sp. 340MFSha3.1,0,0,0,0,0,0,0,0,0,0,0,0,0,54,0,0,0,0,0,0,0,0
Leifsonia aquatica,65,146,0,0,0,0,0,0,0,0,0,0,92,286,0,0,0,0,0,0,0,0
Leifsonia sp. 21MFCrub1.1,0,61,0,0,0,0,0,0,0,0,0,0,0,0,0,0,0,0,0,0,0,0
Leifsonia xyli,34,77,0,0,0,0,0,0,0,0,0,0,30,168,0,0,0,0,0,0,0,0
Microbacterium testaceum,67,0,0,0,0,0,0,0,0,0,0,0,128,0,0,0,0,0,0,0,0,0
Microbacterium sp. oral taxon 186,22,0,0,0,0,0,0,0,0,0,0,0,0,0,0,0,0,0,0,0,0,0
Kocuria palustris,14,3766,0,0,0,0,0,0,0,0,0,0,0,0,0,0,0,0,0,0,0,0
Kocuria sp. BT304,0,0,0,0,0,0,0,0,0,0,0,0,0,0,0,0,0,6244,0,0,0,0
Kocuria sp. UCD-OTCP,102,0,0,0,0,0,0,0,0,0,0,0,31,251,0,0,0,0,0,0,0,0
Micrococcus luteus,20,132,0,0,0,0,0,0,0,0,0,0,0,0,0,0,0,0,0,0,0,0
Micrococcus sp. HMSC067E09,0,54,0,0,0,0,0,0,0,0,0,0,0,0,0,0,0,0,0,0,0,0
Rothia aeria,0,0,3136344,195174,1024593,777802,2240161,6008,502466,243376,0,59614,0,72,318646,97420,33229,997559,528739,351995,155678,430108
Rothia dentocariosa,0,0,53094,59339,31609,43311,349321,141490,28783,6184,0,10811,0,0,129575,1936,0,28979,31721,22733,16466,21891
Rothia mucilaginosa,0,0,0,0,0,4984,0,0,0,6996,0,0,0,0,0,0,0,0,0,0,0,0
Rothia sp. HMSC036D11,0,0,11435,10000,8560,9848,181336,25165,9793,0,0,19275,0,0,93999,0,0,8687,8884,9745,15406,6931
Rothia sp. HMSC058E10,0,0,8074,7563,5168,15000,56424,57459,5167,0,0,0,0,0,22088,0,0,6057,6494,5583,3148,3296
Rothia sp. HMSC064D08,0,0,16955,17576,10871,10226,152536,23622,7979,0,0,0,0,0,52569,0,0,11907,6159,6002,5670,5704
Rothia sp. HMSC065D02,0,0,9952,7912,5020,10485,60471,37377,5088,0,0,0,0,0,23207,0,0,5756,5866,4820,3043,3401
Rothia sp. HMSC065G12,0,0,0,6057,0,9061,46725,26579,6328,0,0,0,0,0,18943,0,0,5172,6365,7664,0,2663
Rothia sp. HMSC067H10,0,0,25942,37174,11634,13106,80374,32497,9040,0,0,0,0,0,38080,0,0,13514,5998,7125,5336,6315
Rothia sp. HMSC069C01,0,0,11870,14677,6830,9588,63165,21151,7820,0,0,0,0,0,37725,0,0,7410,4986,4353,4414,4209
Rothia sp. HMSC071F11,0,0,11072,12568,6026,6246,73442,16737,5777,0,0,0,0,0,27167,0,0,6647,4320,3357,3171,4246
Rothia sp. HMSC08A08,0,0,0,6221,0,11035,44816,27493,4689,0,0,0,0,0,14594,0,0,4447,12202,8559,0,2444
Xylanimonas cellulosilytica,0,0,9513,21579,0,7667,98165,91550,58957,0,6668,0,0,0,0,1877,4221,0,0,3916,7579,0
Sanguibacter keddieii,0,0,0,6092,5112,0,32653,64794,63462,0,11732,0,0,0,0,2311,4071,0,0,0,0,0
Actinoplanes italicus,14,0,0,0,0,0,0,0,0,0,0,0,0,0,0,0,0,0,0,0,0,0
Plantactinospora sp. BB1,340,0,0,0,0,0,0,0,0,0,0,0,641,0,0,0,0,0,0,0,0,0
Plantactinospora sp. BC1,164,0,0,0,0,0,0,0,0,0,0,0,374,0,0,0,0,0,0,0,0,0
Friedmanniella luteola,0,82,0,0,0,0,0,0,0,0,0,0,0,0,0,0,0,0,0,0,0,0
Friedmanniella sagamiharensis,0,43,0,0,0,0,0,0,0,0,0,0,0,0,0,0,0,0,0,0,0,0
Marmoricola sp. Leaf446,0,28,0,0,0,0,0,0,0,0,0,0,0,0,0,0,0,0,0,0,0,0
Cutibacterium acnes,564,1791,0,0,0,0,0,0,0,0,0,0,0,117,0,0,0,0,0,0,0,0
Propionibacterium acidifaciens,0,0,0,0,0,0,0,18125,41622,0,0,0,0,0,0,0,6872,46938,0,0,0,0
Propionibacterium freudenreichii,0,0,0,0,0,0,0,0,0,0,0,0,0,0,0,0,0,3305,0,0,0,0
Propionibacterium sp. HMSC069G10,37,0,0,0,0,0,0,0,0,0,0,0,0,0,0,0,0,0,0,0,0,0
Propionibacterium sp. oral taxon 192,0,0,0,0,14788,14732,9670,6325,0,19787,5722,5933,0,0,0,2600,0,10536,9552,0,9483,1687
Pseudopropionibacterium propionicum,42,47,256542,11549,2656661,3873313,3390181,540370,339359,1886286,351307,1414846,0,856,904400,700794,1037791,2533628,1908742,320725,2741007,963320
Tessaracoccus aquimaris,0,0,0,0,0,0,0,0,0,0,0,0,0,0,0,0,0,6954,0,0,0,0
Tessaracoccus flavescens,0,0,0,0,0,0,0,0,0,0,0,0,0,0,0,0,0,6683,0,0,0,0
Tessaracoccus flavus,0,0,0,0,0,0,0,0,0,0,0,0,0,0,0,0,0,10367,0,0,0,0
Tessaracoccus sp. T2.5-30,0,0,0,0,0,0,0,0,0,0,0,0,0,0,0,0,0,9526,0,0,0,0
Propionibacteriaceae bacterium P6A17,0,0,0,0,0,0,0,0,0,0,0,0,0,0,0,0,0,5091,0,0,0,0
Amycolatopsis pretoriensis,26,0,0,0,0,0,0,0,0,0,0,0,44,0,0,0,0,0,0,0,0,0
Streptomyces abyssalis,0,28,0,0,0,0,0,0,0,0,0,0,0,82,0,0,0,0,0,0,0,0
Streptomyces acidiscabies,23,0,0,0,0,0,0,0,0,0,0,0,37,0,0,0,0,0,0,0,0,0
Streptomyces albidoflavus,0,97,0,0,0,0,0,0,0,0,0,0,31,137,0,0,0,0,0,0,0,0
Streptomyces albulus,362,0,0,0,0,0,0,0,0,4375,0,0,701,0,6354,1424,2526,4755,4739,4062,3531,2440
Streptomyces albus,18,0,0,0,0,0,0,0,0,0,0,0,63,0,0,0,0,0,0,0,0,0
Streptomyces carpinensis,14,0,0,0,0,0,0,0,0,0,0,0,0,0,0,0,0,0,0,0,0,0
Streptomyces griseoplanus,13,0,0,0,0,0,0,0,0,0,0,0,0,0,0,0,0,0,0,0,0,0
Streptomyces rimosus,11,56,0,0,0,0,0,0,0,0,0,0,58,144,0,0,0,0,0,0,0,0
Streptomyces tateyamensis,31,0,0,0,0,0,0,0,0,0,0,0,46,0,0,0,0,0,0,0,0,0
Streptomyces turgidiscabies,0,0,0,0,0,0,0,0,0,0,0,0,0,0,6310,0,0,0,0,0,0,0
Streptomyces venezuelae,16,0,0,0,0,0,0,0,0,0,0,0,0,0,0,0,0,0,0,0,0,0
Streptomyces sp. E5N91,49,0,0,0,0,0,0,0,0,0,0,0,107,0,0,0,0,0,0,0,0,0
Streptomyces sp. JV178,554,0,0,0,5972,0,0,5326,0,5936,4855,6639,1159,0,19019,3028,5597,9873,10861,8231,7658,5279
Streptomyces sp. TAA486,0,128,0,0,0,0,0,0,0,0,0,0,0,357,0,0,0,0,0,0,0,0
Streptomyces sp. WMMB 322,0,232,0,0,0,0,0,0,0,0,0,0,0,667,0,0,0,0,0,0,0,0
Nocardiopsis sp. L17-MgMaSL7,23,0,0,0,0,0,0,0,0,0,0,0,62,0,0,0,0,0,0,0,0,0
Thermobifida fusca,23,0,0,0,0,0,0,0,0,0,0,0,0,0,0,0,0,0,0,0,0,0
Atopobium rimae,0,0,0,0,0,0,0,0,3544,0,0,0,0,0,0,0,0,5523,0,0,0,0
Atopobium sp. HMSC064B08,0,0,0,0,0,0,0,0,0,0,0,0,0,0,0,0,0,5101,0,0,0,0
Atopobium sp. oral taxon 199,0,0,0,0,0,0,0,0,4009,0,0,0,0,0,5115,0,0,0,0,3130,6673,3074
Atopobium sp. oral taxon 810,0,0,0,0,0,11832,0,0,0,71216,27646,0,0,0,0,0,0,0,11982,3046,3917,0
Olsenella uli,0,0,0,0,41813,59005,23896,15045,39619,956136,1114057,104498,0,0,46620,41047,11421,97432,161148,64810,11052,27661
Olsenella sp. DNF00959,0,0,0,0,0,0,0,0,0,0,0,6122,0,0,0,0,0,0,0,0,0,0
Olsenella sp. oral taxon 807,37,25,0,0,195340,1324178,461906,100933,171399,1600044,2222821,2736210,0,318,824858,457441,135452,865436,149956,1487564,369489,527131
Olsenella sp. oral taxon 809,0,0,0,0,0,0,0,0,0,4541,5255,0,0,0,0,0,0,0,0,0,0,0
Olsenella sp. SIT9,22,0,0,0,0,0,0,0,0,0,0,0,0,128,0,0,0,0,0,0,0,0
Coriobacteriaceae bacterium 68-1-3,0,0,0,0,0,0,0,0,0,0,0,0,0,0,3240,0,0,0,0,0,0,0
Paraeggerthella hongkongensis,0,0,0,0,0,0,0,0,0,8953,10263,0,0,0,0,0,0,0,0,0,0,0
Slackia exigua,0,0,0,0,77229,22541,6206,0,7460,39165,46809,203720,0,0,19379,2617,2844,8749,23401,25733,5471,5633
Eggerthellaceae bacterium AT8,11,53,0,0,0,0,0,0,0,0,0,0,0,104,0,0,0,0,0,0,0,0
Anaerolineaceae bacterium oral taxon 439,41,0,0,0,305866,646716,115719,62896,35913,1505176,1952302,3487561,0,835,382257,64550,62932,166018,582277,491514,71831,95824
Microcystis aeruginosa,25,0,0,0,0,0,0,0,0,0,0,0,52,0,0,0,0,0,0,0,0,0
Meiothermus ruber,17,0,0,0,0,0,0,0,0,0,0,0,36,0,0,0,0,0,0,0,0,0
Thermus scotoductus,18,0,0,0,0,0,0,0,0,0,0,0,0,0,0,0,0,0,0,0,0,0
Bacillus aciditolerans,0,35,0,0,0,0,0,0,0,0,0,0,0,0,0,0,0,0,0,0,0,0
Bacillus thuringiensis,133,61,0,0,0,0,0,0,0,0,0,0,1952,102,0,0,0,0,0,0,0,0
Geobacillus stearothermophilus,21,0,0,0,0,0,0,0,0,0,0,0,27,0,0,0,0,0,0,0,0,0
Psychrobacillus sp. FJAT-21963,0,0,0,0,0,0,0,0,0,0,0,0,0,0,3409,0,0,0,0,0,0,0
Gemella bergeri,0,0,0,0,8443,0,0,0,0,0,0,0,0,0,0,0,0,0,0,0,0,0
Gemella haemolysans,0,0,0,0,6989,0,70396,13872,6713,5566,0,0,0,0,0,0,0,0,0,0,0,0
Gemella morbillorum,0,0,0,51435,176288,14993,45239,430270,93129,36024,12462,14611,0,86,5239,9003,27357,49507,42776,35204,42885,14147
Gemella sanguinis,0,0,0,0,0,0,0,0,11215,0,0,0,0,0,0,0,0,0,0,0,0,0
Jeotgalicoccus halophilus,0,31,0,0,0,0,0,0,0,0,0,0,0,0,0,0,0,0,0,0,0,0
Jeotgalicoccus marinus,0,26,0,0,0,0,0,0,0,0,0,0,0,0,0,0,0,0,0,0,0,0
Staphylococcus arlettae,0,717,0,0,0,0,0,0,0,0,0,0,0,0,0,0,0,0,0,0,0,0
Staphylococcus aureus,0,76,0,0,0,0,0,0,0,0,0,0,0,0,0,0,0,0,0,0,0,0
Staphylococcus capitis,0,284,0,0,0,0,0,0,0,0,0,0,0,0,0,0,0,0,0,0,0,0
Staphylococcus cohnii,0,369,0,0,0,0,0,0,0,0,0,0,0,0,0,0,0,0,0,0,0,0
Staphylococcus epidermidis,0,25,0,0,0,0,0,0,0,0,0,0,0,0,0,0,0,0,0,0,0,0
Staphylococcus hominis,0,77,0,0,0,0,0,0,0,0,0,0,0,0,0,0,0,0,0,0,0,0
Staphylococcus saprophyticus,0,492,0,0,0,0,0,0,0,0,0,0,0,0,0,0,0,0,0,0,0,0
Staphylococcus warneri,0,89,0,0,0,0,0,0,0,0,0,0,0,0,0,0,0,0,0,0,0,0
Abiotrophia defectiva,0,30,23987,20562,120552,83753,107803,735532,594556,48984,4953,0,0,0,66150,13162,84066,40268,89330,24532,25154,3214
Abiotrophia sp. HMSC24B09,0,0,63079,54723,138672,88474,62968,1222995,818576,81857,5667,0,0,0,42404,15319,219278,97665,185599,60521,14211,3133
Alkalibacterium gilvum,0,26,0,0,0,0,0,0,0,0,0,0,0,0,0,0,0,0,0,0,0,0
Granulicatella adiacens,0,0,20092,120248,16523,10299,22394,26764,8805,8949,0,0,0,0,9986,0,9694,4321,9883,22948,3084,0
Granulicatella sp. 572.rep1_STHE,0,0,15633,79455,10772,8280,26461,21875,7585,8900,0,0,0,0,11132,0,10068,3216,7277,21954,3041,0
Granulicatella sp. HMSC30F09,0,0,17952,91147,10284,9048,30754,23944,9119,11250,0,0,0,0,14928,0,12867,3374,8270,21592,3887,0
Granulicatella sp. HMSC31F03,0,0,15775,83403,7233,7066,31375,18967,7722,8403,0,0,0,0,9841,0,8925,0,7062,18520,2788,0
Enterococcus faecium,426,173841,0,0,0,0,0,0,0,0,0,0,3948,295843,4021,0,0,0,0,0,0,0
Lactobacillus crispatus,0,71,0,0,0,0,0,0,0,0,0,0,0,0,0,0,0,0,0,0,0,0
Lactobacillus iners,0,34,0,0,0,0,0,0,0,0,0,0,0,0,0,0,0,0,0,0,0,0
Lactobacillus parabuchneri,91,0,0,0,0,0,0,0,0,0,0,0,220,0,4149,0,0,0,0,0,0,0
Lactobacillus rossiae,0,0,0,0,0,0,0,0,0,0,0,0,0,0,4727,0,0,0,0,0,0,0
Weissella viridescens,29795,768,0,0,0,0,0,0,0,0,0,0,0,0,0,0,0,0,0,0,0,0
Streptococcus anginosus,0,0,0,0,8293,0,0,8740,7203,22447,10309,6058,0,0,4824,1461,0,7236,5702,5210,2986,0
Streptococcus constellatus,0,0,0,0,0,0,0,0,0,0,0,0,0,0,5693,0,0,0,0,0,0,0
Streptococcus intermedius,0,0,20537,10492,21655,8693,5477,10067,4616,7147,3879,5973,0,0,8170,1185,2212,3435,10994,0,0,0
Streptococcus cristatus,0,0,120070,54294,29547,47302,68020,116179,38836,28684,15657,7304,0,0,14943,15064,18512,42609,28246,3745,22650,7378
Streptococcus gordonii,0,0,125517,57984,273838,92672,742288,326073,181198,55230,45259,9846,0,0,44422,14204,53923,20749,36826,7687,27616,34262
Streptococcus infantis,0,0,10863,174641,7032,0,6806,0,3802,0,0,0,0,0,0,0,0,0,0,0,0,0
Streptococcus massiliensis,0,0,0,0,0,0,0,0,9656,0,0,0,0,0,0,0,0,0,0,0,0,0
Streptococcus mitis,0,27,58313,68897,72411,10047,27202,19725,59884,26093,12439,0,0,0,5649,4046,3254,4258,44685,3807,10013,0
Streptococcus oralis,0,39,217996,510870,357842,238779,221937,590619,371089,243009,144175,25585,0,69,161815,31379,82676,142520,220338,106329,231963,8490
Streptococcus parasanguinis,0,0,0,6934,0,0,12333,10465,4179,0,0,0,0,0,0,0,0,0,0,0,0,0
Streptococcus peroris,0,0,0,8559,0,0,0,0,0,0,0,0,0,0,0,0,0,0,0,0,0,0
Streptococcus pneumoniae,0,0,14849,19126,12583,5900,10562,9821,9889,7681,5621,0,0,0,4959,1309,0,0,8341,0,4474,0
Streptococcus pseudopneumoniae,0,0,13043,30303,13410,6250,35157,36609,17933,8390,5732,0,0,0,3617,1568,3130,4157,15225,0,7591,0
Streptococcus salivarius,0,0,105201,48418,13728,29727,27604,55453,31715,11609,0,0,0,0,30331,5267,12863,14734,30534,14209,13859,8032
Streptococcus sanguinis,12,46,8990158,3951482,1082930,2447638,2091636,3482454,2650442,830535,124018,122239,0,0,2078539,403542,928600,1266884,2058430,707041,1197186,226742
Streptococcus sp. 263_SSPC,0,0,0,91408,5602,0,7261,8669,0,0,0,0,0,0,0,0,2186,0,4055,4626,2677,0
Streptococcus sp. 2_1_36FAA,0,0,29521,11368,9716,9787,42090,22977,8769,0,0,0,0,0,4037,0,4613,0,9336,0,0,2044
Streptococcus sp. C300,0,0,0,14112,10423,5661,7441,18715,8750,6825,0,0,0,0,5538,0,2879,5569,12827,7128,8778,0
Streptococcus sp. DD04,0,0,50220,21310,6746,9221,0,11064,10947,62993,52437,0,0,0,4780,36023,3211,57723,13519,0,0,0
Streptococcus sp. F0441,0,0,0,7711,7193,9574,0,6746,24193,6834,6419,0,0,0,4307,1960,5556,3003,4760,0,3924,0
Streptococcus sp. HMSC034E03,0,0,0,11814,0,0,0,0,0,0,0,0,0,0,0,0,0,0,0,0,0,0
Streptococcus sp. HMSC056C01,0,0,0,8601,0,0,0,0,0,0,0,0,0,0,0,0,0,0,0,0,0,0
Streptococcus sp. HMSC061D10,0,0,0,6951,0,0,0,0,0,0,0,0,0,0,0,0,0,0,0,0,0,0
Streptococcus sp. HMSC062B01,0,0,8630,0,6364,0,42167,17082,8506,0,0,0,0,0,0,0,2593,0,8486,0,0,0
Streptococcus sp. HMSC062D07,0,0,0,113058,5428,0,6768,0,0,0,0,0,0,0,0,0,0,0,0,0,0,0
Streptococcus sp. HMSC062H02,0,0,0,0,0,0,9774,7488,4305,0,0,0,0,0,3147,0,0,0,5643,5996,7450,0
Streptococcus sp. HMSC066F01,0,0,0,10228,4883,5748,11146,15757,4835,4724,0,0,0,0,4000,0,0,0,4811,0,6481,0
Streptococcus sp. HMSC067H01,0,0,0,17530,0,0,0,0,0,0,0,0,0,0,0,0,0,0,0,0,0,0
Streptococcus sp. HMSC071D03,0,0,0,9365,0,0,0,0,0,0,0,0,0,0,0,0,0,0,0,0,0,0
Streptococcus sp. HMSC072D05,0,0,7969,12889,9047,7074,8555,13515,13703,8085,0,0,0,0,5498,0,4510,4983,7656,18288,13424,0
Streptococcus sp. HMSC072D07,0,0,0,0,0,0,0,0,0,0,0,0,0,0,0,0,0,0,4350,0,0,0
Streptococcus sp. HMSC074B11,0,0,0,11350,0,0,0,8357,0,0,0,0,0,0,0,0,0,0,0,0,0,0
Streptococcus sp. HMSC077F03,0,0,0,0,0,0,12969,6408,0,0,0,0,0,0,0,0,0,0,4410,0,3041,0
Streptococcus sp. HMSC10A01,0,0,0,0,9713,0,21138,15520,7657,0,0,0,0,0,0,0,3477,0,0,0,0,0
Streptococcus sp. HMSC34B10,0,0,0,7828,0,0,0,0,0,0,0,0,0,0,0,0,0,0,0,0,0,0
Streptococcus sp. HPH0090,0,0,0,44882,0,0,0,0,0,0,0,0,0,0,0,0,0,0,0,0,0,0
Streptococcus sp. NLAE-zl-C503,0,0,0,0,6522,0,0,5184,6711,4920,6059,0,0,0,0,0,0,0,3535,0,3723,0
Streptococcus sp. NPS 308,0,0,71249,100529,29576,0,0,8715,60348,18555,6909,0,0,0,3812,2240,0,0,31375,0,4689,0
Streptococcus sp. oral taxon 058,0,0,0,0,5990,5199,0,0,8216,5188,4323,0,0,0,0,0,0,0,5129,0,2948,0
Streptococcus sp. oral taxon 064,0,0,0,0,0,0,15067,7892,3967,0,0,0,0,0,0,0,0,0,6856,2900,5563,0
Streptococcus sp. oral taxon 071,0,0,7642,7534,8611,8141,0,5818,19551,6692,7984,0,0,0,4787,1381,4767,3574,4808,0,3493,0
Streptococcus sp. oral taxon 431,0,0,0,7647,0,0,0,0,0,0,0,0,0,0,0,0,0,0,0,0,0,0
Clostridium botulinum,0,207,0,0,0,0,0,0,0,0,0,0,64,323,0,0,0,0,0,0,0,0
[Eubacterium] brachy,0,0,0,0,57785,41697,12387,9395,0,5434,13049,100433,0,179,0,0,0,0,31252,12272,0,0
[Eubacterium] infirmum,0,0,0,0,32240,0,0,5722,5688,34150,35284,69568,0,0,15471,1427,0,22042,6899,11056,11573,6957
[Eubacterium] minutum,24,0,0,0,51930,341409,99071,8220,4544,524127,1108483,836697,0,441,127266,48603,0,21445,135950,79948,0,0
[Eubacterium] saphenum,0,0,0,0,30714,256264,6217,0,0,139060,612115,0,0,0,76605,3886,0,0,31713,9121,9500,0
[Eubacterium] sulci,0,0,0,0,0,0,0,0,0,0,0,0,0,0,0,0,0,0,3223,0,0,0
Mogibacterium diversum,0,0,0,0,4863,7009,0,0,3403,8640,11608,20824,0,0,12389,2151,0,3615,12489,8307,0,2269
Mogibacterium pumilum,0,0,0,0,6573,13686,0,0,0,23718,26491,43998,0,0,21472,3165,0,0,26847,12917,2729,1741
Pseudoramibacter alactolyticus,17,0,0,0,0,42166,14856,26551,7350,113995,1116003,400742,0,340,166861,9415,6588,79971,55179,152651,12518,57667
Catonella morbi,0,0,11668,9189,221474,47941,13468,16100,11956,33451,19760,87058,0,236,5370,6310,6021,54161,13603,13951,48085,9540
Johnsonella ignava,0,0,0,0,101201,18622,20862,9123,0,36636,13432,100462,0,84,4595,2630,0,0,40655,10979,51052,30282
Lachnoanaerobaculum saburreum,0,0,0,0,6272,8314,5070,11586,4196,12540,5721,7971,0,0,10073,0,0,6777,3288,0,4022,0
Lachnoanaerobaculum sp. OBRC5-5,0,0,0,0,0,0,0,0,0,4726,0,0,0,0,0,0,0,0,0,0,0,0
Oribacterium sp. oral taxon 078,0,0,0,0,5468,13057,34478,0,9584,189950,11370,17442,0,0,74213,0,0,153055,10271,0,0,21270
Shuttleworthia satelles,0,0,0,0,0,0,0,0,0,5404,0,0,0,0,0,0,0,4357,0,0,0,0
Stomatobaculum longum,0,0,0,0,0,0,0,0,0,0,5568,0,0,0,0,0,0,0,0,0,0,0
Lachnospiraceae bacterium oral taxon 500,0,0,20477,11451,31610,61836,12045,12265,38603,164206,131452,105322,0,480,65099,6693,2966,3183,34692,28020,9630,2947
Filifactor alocis,0,0,0,0,0,38926,12429,0,0,53058,227357,23167,0,314,16256,1466,0,0,24514,4293,3343,0
[Eubacterium] yurii,0,0,11768,39173,53161,18829,8261,5334,8842,49212,13924,0,0,0,0,5865,0,13651,68097,7756,33793,8011
Peptoanaerobacter stomatis,0,0,0,0,7629,8728,0,0,0,12340,11386,16228,0,0,3535,1510,0,4069,10539,0,3483,0
Peptostreptococcus anaerobius,0,0,0,0,0,0,0,0,0,5555,0,0,0,0,4019,0,0,0,0,0,0,0
Peptostreptococcaceae bacterium oral taxon 113,0,0,0,0,0,64125,6709,0,0,54467,15920,136603,0,0,18636,0,0,0,34864,3178,5710,0
Peptostreptococcaceae bacterium pGA-8,0,0,0,0,0,0,0,0,0,0,6140,7945,0,0,3365,0,0,0,5576,0,0,0
Anaeromassilibacillus senegalensis,0,0,0,0,0,0,0,0,0,0,0,0,238,45,0,0,0,0,0,0,0,0
Eggerthia catenaformis,0,0,0,0,0,12222,0,0,0,23297,19543,18794,0,0,7345,1603,0,0,14406,5256,0,0
Solobacterium moorei,0,0,0,0,0,0,0,0,8750,5386,0,0,0,0,7736,3258,0,3980,0,0,0,0
Centipeda periodontii,0,0,0,0,8577,13632,0,29899,5115,15212,7589,55679,0,0,8142,1410,5374,6695,0,3537,8036,6442
Mitsuokella sp. oral taxon 131,0,0,0,0,0,0,0,0,0,0,0,7423,0,0,0,0,0,0,0,0,0,0
Selenomonas artemidis,0,0,0,0,75538,25727,14132,38416,30724,10503,5953,47111,0,116,99506,1845,30199,114794,0,9126,138043,3537
Selenomonas flueggei,0,0,0,0,0,0,0,0,0,0,0,0,0,0,0,0,0,3296,0,0,0,0
Selenomonas infelix,0,0,0,0,23212,43133,0,23297,12590,16555,9633,22215,0,0,20778,4503,15904,11501,4173,8657,23109,5607
Selenomonas massiliensis,0,0,0,0,11380,19307,0,13400,6629,12187,10830,19518,0,0,8501,1941,14972,4795,0,3636,6771,5245
Selenomonas noxia,0,0,0,0,57648,129433,75897,70242,18450,20000,5638,110830,0,162,22736,3891,12684,105320,5328,0,78181,32210
Selenomonas ruminantium,0,0,0,0,0,0,0,0,0,0,4673,0,0,0,0,0,0,0,0,0,0,0
Selenomonas sputigena,0,0,0,0,22248,69984,33338,68546,17360,67452,76848,334619,0,124,76084,10940,17227,158948,8258,11308,15301,12856
Selenomonas sp. F0473,0,0,0,0,0,16108,0,0,4879,38168,0,0,0,72,19227,3562,0,6209,0,0,42920,10510
Selenomonas sp. oral taxon 126,0,0,0,0,24567,26309,12037,29492,10528,26898,19417,146578,0,103,33814,6018,14354,56260,21644,12200,20832,3676
Selenomonas sp. oral taxon 136,0,0,0,0,0,0,0,0,0,0,0,6342,0,0,0,0,0,0,0,0,0,0
Selenomonas sp. oral taxon 138,0,0,0,0,11379,19578,7132,31474,23995,14882,9272,29027,0,69,58131,5619,25656,16320,11038,5506,26995,4860
Selenomonas sp. oral taxon 892,0,0,9306,9517,117656,39660,10541,132757,22090,97770,17460,43651,0,0,5624,15215,5706,14083,15472,14394,10721,4254
Selenomonas sp. oral taxon 920,0,0,0,0,14529,26742,5820,68918,8286,16746,5870,38555,0,0,19182,2718,11281,25633,0,6160,11828,4165
Anaeroglobus geminatus,0,0,0,0,7540,11747,12846,12718,11119,43485,64540,87581,0,73,18851,6073,24810,45618,10789,21807,2900,20736
Dialister invisus,0,0,0,0,61691,54552,17469,32968,27207,110557,43958,395391,0,281,110600,28834,3805,62994,55230,61289,21621,7460
Dialister pneumosintes,0,0,0,0,11691,0,0,0,0,4617,6087,96008,0,0,4165,0,0,3423,0,0,0,0
Veillonella sp. 3_1_44,0,0,0,0,0,0,5916,0,0,0,0,0,0,0,0,0,0,0,0,0,0,0
Veillonella sp. 6_1_27,0,0,0,0,0,0,6754,0,0,0,0,0,0,0,0,0,0,0,0,0,0,0
Veillonella parvula,0,0,0,0,18603,0,68895,52291,31851,0,0,18126,0,71,20159,1450,5217,7827,0,0,5598,0
Anaerococcus nagyae,0,36,0,0,0,0,0,0,0,0,0,0,0,0,0,0,0,0,0,0,0,0
Finegoldia magna,33,0,0,0,0,0,0,0,0,0,0,0,0,0,0,0,0,0,0,0,0,0
Parvimonas micra,0,0,0,0,41489,21230,10351,0,0,61824,24582,112029,0,186,69594,3401,0,10174,24812,4662,7588,0
Parvimonas sp. KA00067,0,0,0,0,0,0,0,0,0,5944,0,0,0,0,0,0,0,0,0,0,0,0
Peptoniphilus sp. oral taxon 386,0,0,0,0,0,0,0,0,0,0,0,0,0,0,2810,0,0,0,0,0,0,0
Anaerosalibacter massiliensis,984,9138,0,0,0,0,5664,0,0,8264,4520,6466,734,535,9937,12846,11041,3268,0,30098,27850,16513
Candidatus Saccharibacteria oral taxon TM7x,0,0,0,0,195751,76557,21795,54379,53991,268744,95827,234784,0,105,21480,46759,38979,120706,59750,26874,122985,30213
Candidatus Gracilibacteria bacterium HOT-871,0,0,0,0,8099,0,0,23275,0,0,0,0,0,0,0,1194,0,0,0,0,4219,1957
Candidatus Methanomethylophilus alvus,0,0,0,0,0,0,13984,0,0,0,0,0,0,0,0,0,0,0,0,0,0,0
Thermoplasmatales archaeon BRNA1,0,0,0,0,0,0,14389,0,0,0,0,0,0,0,0,0,0,0,0,0,0,0
methanogenic archaeon ISO4-H5,0,0,0,0,0,0,5212,0,0,0,0,0,0,0,0,0,0,0,0,0,0,0
Methanobrevibacter millerae,0,0,0,0,0,9107,0,0,0,0,0,0,0,0,0,0,0,0,0,0,0,0
Methanobrevibacter oralis,15,0,0,0,0,17033,0,0,0,452571,456589,0,0,0,168957,0,0,77649,0,0,0,0
Methanobrevibacter smithii,0,0,0,0,0,6816,0,0,0,0,0,0,0,0,0,1774,0,0,0,0,0,0
Methanobrevibacter sp. YE315,0,0,0,0,0,18243,0,0,0,0,0,0,0,0,0,0,0,0,0,0,0,0
Homo sapiens,87,777,22498,6412,57447,16169,7041,28491,0,0,0,0,71,983,345200,0,0,5845,5337,0,0,10193
Not assigned,192,614,5718,3051,13866,17574,4821,8039,2332,21046,8068,11105,28,113,2547,2391,1796,9283,6656,2368,7101,2304
