Site	Library_ID	avg_gc_map	avg_rl_map	avg_gc_unmap	avg_rl_unmap	avg_gc_map_10M	avg_rl_map_10M	avg_gc_unmap_10M	avg_rl_unmap_10M	avg_gc_map_75bp	avg_rl_map_75bp	avg_gc_unmap_75bp	avg_rl_unmap_75bp
CMB	CMB001.A0101	57.3870826537153	63.2342538590318	55	68.2474358293181	57.3870826537153	63.2342538590318	55	68.2474358293181	57	51.369166581126	56	51.9676195737196
CMB	CMB002.A0101	55.8276016189329	65.5039359553472	53	67.9731877629451	55.8276016189329	65.5039359553472	53	67.9731877629451	56	52.1175612029381	53	52.1746936303517
CMB	CMB003.A0101	60.3707845690972	66.5175225351845	54	71.758914948728	60.3707845690972	66.5175225351845	54	71.758914948728	59	53.0146136616681	54	54.2728093761939
CMB	CMB004.A0101	57.7918591686712	66.6821414108953	52	72.2890166634736	57.7918591686712	66.6821414108953	52	72.2890166634736	57	53.3988583076307	52	54.7083954467871
CMB	CMB005.A0101	58.8392614834362	69.3936484558609	56	73.3873773691177	58.8392614834362	69.3936484558609	56	73.3873773691177	57	54.5576343798955	57	55.0075382602108
CMB	CMB006.A0101	55.8934094577003	66.6380291668486	52	70.7726699877798	55.8934094577003	66.6380291668486	52	70.7726699877798	55	53.3808142234682	53	53.903071808406
CMB	CMB007.A0101	60.314037173318	67.3116059779178	54	72.5146045185563	60.314037173318	67.3116059779178	54	72.5146045185563	58	54.0502760523241	55	55.2170724331205
CMB	CMB008.A0101	64.6941463161229	67.3202954148249	50	70.3437561000551	64.6941463161229	67.3202954148249	50	70.3437561000551	63	53.2975317929037	51	54.0029265425186
Radcliffe	CS01	49.66781686354	80.7373412720783	47	80.7813360882394	49.66781686354	80.7373412720783	47	80.7813360882394	51	52.0115788781317	48	50.5855412980322
Radcliffe	CS02	46.6480556442201	87.2724080554868	44	82.8085183278061	41	85.2277778676569	44	82.8134756604913	42	53.822884297112	45	51.557978053157
Radcliffe	CS03	47.8807968007333	88.1758069837424	41	85.4605641094316	40	83.9658025570662	41	85.4253911879468	43	52.2534432098635	41	51.50159344374
Radcliffe	CS04	48.9134720220946	99.6995619830017	50	95.6076892168826	50	89.3179000037221	50	95.6076892168826	51	54.8844031389364	51	54.5966181103873
Radcliffe	CS07	50.678213278068	81.0289451588914	49	84.5702456612213	50.678213278068	81.0289451588914	49	84.5702456612213	53	52.80390251915	51	51.6272885717609
Radcliffe	CS08	51.3907136451361	73.9114967752162	50	80.401770408608	51.3907136451361	73.9114967752162	50	80.401770408608	52	51.1740284350045	52	50.3606925169038
Radcliffe	CS09	49.9285165346356	87.2863435212604	44	81.2994475574388	48	81.4628840471039	44	81.3403438587481	50	52.902450548918	45	51.6259484640166
Radcliffe	CS10	48.7602103162732	90.0554668393702	46	91.6694557184524	47	89.5302322864921	46	91.8504907030729	49	54.3286494454374	47	51.5557495785865
Radcliffe	CS11	51.0615706880691	94.8163817437704	48	88.8986370437984	50	85.9803090114091	48	88.9371637604937	51	55.1026044481621	48	54.8935315265292
Radcliffe	CS12	46.5572909100471	93.0225087443613	42	81.6278719730557	46.5572909100471	93.0225087443613	42	81.6278719730557	45	49.2182000869878	44	47.4784338239766
Radcliffe	CS13	49.1788289598727	83.5673182347557	46	82.8768448415151	48	78.9512183940287	46	82.9348318062092	48	55.1363316150453	47	54.2869962608345
Radcliffe	CS14	50.766919685587	74.3119650872005	44	67.1619480554452	50.766919685587	74.3119650872005	44	67.1619480554452	49	48.1213550786941	45	46.7009291316329
Radcliffe	CS15	50.3439070772475	91.1720375460267	48	85.5601079021857	50	82.1284370238657	48	85.6138183661379	51	56.0151010549185	48	55.5810660748435
Radcliffe	CS16	49.3902945600549	98.1811489668957	47	101.831055402938	49	94.4040499600138	47	101.840313395409	50	57.0907631364465	49	56.2325919288414
Radcliffe	CS17	50.948392303092	102.334373100418	48	101.134919212538	49	93.4523425644396	48	101.148931153971	52	58.09309061908	49	58.0363947113202
Radcliffe	CS18	44.6017971846312	83.0073196927292	39	78.6986862301779	44.6017971846312	83.0073196927292	39	78.6986862301779	42	49.4692418813573	40	47.5764552535041
Radcliffe	CS19	48.4331914346158	94.6155748958652	46	100.140124468821	48.4331914346158	94.6155748958652	46	100.140124468821	48	57.5581669807376	48	56.9384185228008
Radcliffe	CS20	46.5737659331202	101.570143992614	44	87.257800541583	39	84.9727148473583	44	87.3092638391682	41	55.9891813271889	45	55.537797560901
Radcliffe	CS21	52.8102013993265	100.270626536366	47	96.1344543018863	51	80.7216346801425	47	96.1558313073108	54	56.2264773616546	48	56.2958741474169
Radcliffe	CS22	50.4626666787862	92.5080346027913	44	95.9830656049309	46	92.1646600662322	44	95.9923412770648	48	57.0367713513866	45	56.6879678018901
Radcliffe	CS23	48.3581981715014	64.8082896359957	45	61.639303232777	47	60.7676367577505	45	61.919924174539	48	42.6100524360719	46	40.7077212074364
Radcliffe	CS24	49.2303389804945	71.1748167629039	43	59.7416179084798	49.2303389804945	71.1748167629039	43	59.7416179084798	48	45.4884759455082	43	43.6663157949589
Radcliffe	CS26	51.755568662856	94.3876149174917	48	86.5202448742532	51.755568662856	94.3876149174917	48	86.5202448742532	53	55.2190625381698	49	55.2293534500586
Radcliffe	CS27	49.760981822286	85.9261044356415	49	75.8277510175124	49.760981822286	85.9261044356415	49	75.8277510175124	49	56.0197356620779	49	55.8674682044186
Radcliffe	CS28	46.8374926406521	97.243967444366	42	75.8399332711487	42	74.5878177483538	42	75.8531570828125	43	54.6051982830357	42	54.5588172209334
Radcliffe	CS29	45.8383450004307	111.66714094824	39	115.876538167888	41	111.080544035713	39	115.621892033122	43	51.2035465764488	42	48.9575841749927
Radcliffe	CS30	53.2955808183642	80.4715709276845	53	72.6362240943683	53.2955808183642	80.4715709276845	53	72.6362240943683	55	53.5386785188551	53	53.1412854019199
Radcliffe	CS31	44.7126714196985	87.8159727329576	42	88.3397090053994	39	86.7198840133771	42	88.1489117433612	42	49.5159873418327	43	47.8920773079415
Radcliffe	CS32	47.1191363906844	86.5134946169408	41	90.8787650158841	44	82.9516390834471	41	90.5898856697587	46	49.272455993338	43	48.7195031648214
Radcliffe	CS33	52.5525189066211	71.3872032788631	48	76.2598857790789	51	68.3942231376018	48	76.2646065225083	52	51.9445514904399	48	51.5322251230447
Radcliffe	CS34	53.0079248670232	74.7415740467037	48	75.1081360833729	53.0079248670232	74.7415740467037	48	75.1081360833729	51	54.9900129174485	49	54.1805327765052
Radcliffe	CS35	51.1002500491406	77.7480028450365	45	95.3320124204037	48	76.9979295822991	45	95.345481988606	50	53.1370414713449	46	53.5991768753373
Radcliffe	CS36	50.98531649487	67.7795330726978	46	68.62940998913	50.98531649487	67.7795330726978	46	68.62940998913	48	52.27458421934	46	51.8907210295902
Radcliffe	CS37	43.5713596906652	96.5399077935837	40	89.5658932822375	37	92.5128184687534	40	89.3109560848419	40	50.6934658248898	41	49.8993477466326
Radcliffe	CS38	50.8198406851439	80.6139113174752	45	89.4711054980163	48	80.3455883625993	45	89.4517792055539	50	53.9921701587921	46	54.2141208366174
Radcliffe	CS39	44.8653276564811	87.2315999567498	42	80.8021902421903	44.8653276564811	87.2315999567498	42	80.8021902421903	42	52.8538696166937	43	51.7939309427443
Radcliffe	CS40	50.9048357114092	64.9893210642421	48	66.4610751303664	50.9048357114092	64.9893210642421	48	66.4610751303664	49	52.775477993867	49	52.5614396220146
Radcliffe	CS42	48.0747771220873	73.0127316616124	43	73.7025780278272	48.0747771220873	73.0127316616124	43	73.7025780278272	45	48.6791172836892	45	47.3158767363354
Radcliffe	CS43	46.3251634262107	74.9896394219278	43	79.8305741176175	46.3251634262107	74.9896394219278	43	79.8305741176175	41	53.4843810307102	44	53.2338284933262
Radcliffe	CS44	47.4581614920197	80.8031936123481	49	94.583320230846	47.4581614920197	80.8031936123481	49	94.583320230846	50	53.5848270832534	50	47.7736941921446
Radcliffe	CS45	51.2938541189928	73.7460881173377	47	83.0855154911213	51.2938541189928	73.7460881173377	47	83.0855154911213	51	54.353000404355	49	53.3586469941071
Radcliffe	CS46	47.9787846867542	88.3748889838149	44	93.8617641984736	47	87.3347581014622	44	93.8617641984736	48	51.5577784386186	45	48.9665828069369
Radcliffe	CS47	50.8607401349339	81.2714041874358	46	94.6524516942741	48	80.4039040113401	46	94.6429219964863	51	57.0400550182349	47	57.2037732406691
Radcliffe	CS48	49.5566649897423	81.2011531948621	45	90.6278430350652	49.5566649897423	81.2011531948621	45	90.6278430350652	50	57.7437298255717	46	58.0476630243215
Kilteasheen	KT01calc	51.5085629766169	67.9976407236731	49	67.099317780794	51	67.6787447217788	49	67.0998200017278	52	61.225890428755	50	60.3940459413674
Kilteasheen	KT02calc	63.4519755324905	62.1798527542215	57	62.1859463520231	63.4519755324905	62.1798527542215	57	62.1859463520231	61	56.0186183650225	57	55.1627245044919
Kilteasheen	KT03calc	62.1686384899	66.0942144246153	56	66.1430343898639	62.1686384899	66.0942144246153	56	66.1430343898639	60	59.4441553188214	56	58.9354465277569
Kilteasheen	KT04calc	54.8571885594293	64.9833430529431	54	63.1191776063266	54.8571885594293	64.9833430529431	54	63.1191776063266	56	57.1690744310574	55	56.2024146322814
Kilteasheen	KT05calc	63.5724053360994	57.7915848017109	58	57.7235194661262	63.5724053360994	57.7915848017109	58	57.7235194661262	62	51.9785471910944	58	51.5739088879939
Kilteasheen	KT06calc	57.6080697612549	64.2531106248963	53	65.5161124317561	57.6080697612549	64.2531106248963	53	65.5161124317561	54	58.090882917623	54	58.0368914349271
Kilteasheen	KT07calc	58.6426519968266	64.4719854585894	54	64.2952610069473	58.6426519968266	64.4719854585894	54	64.2952610069473	57	57.9751760777226	54	57.3378273163635
Kilteasheen	KT08calc	51.7769907572839	67.9873004699342	53	65.0495129840597	51.7769907572839	67.9873004699342	53	65.0495129840597	53	59.9854714178785	53	57.6227334483338
Kilteasheen	KT09calc	60.775990236358	63.897503881812	51	64.5794080472077	60.775990236358	63.897503881812	51	64.5794080472077	58	57.6329902291087	52	57.3897381845431
Kilteasheen	KT10calc	60.2468809911299	61.8309120536874	54	61.4696298622723	60.2468809911299	61.8309120536874	54	61.4696298622723	57	55.5440987967068	55	54.7670720477846
Kilteasheen	KT11calc	61.795720808395	58.7602669564676	55	58.7092547661951	61.795720808395	58.7602669564676	55	58.7092547661951	60	53.2761808845544	56	52.7577966113548
Kilteasheen	KT12calc	62.4749086305632	60.7892606222043	54	60.7052798233853	62.4749086305632	60.7892606222043	54	60.7052798233853	60	54.6074608299216	55	54.1618433890011
Kilteasheen	KT13calc	62.4003800971227	63.463915170796	55	63.9831471776621	62.4003800971227	63.463915170796	55	63.9831471776621	60	56.7871415902294	55	56.4705572344122
Kilteasheen	KT14calc	61.0600756307726	61.4025831178247	53	59.7905607683081	61.0600756307726	61.4025831178247	53	59.7905607683081	60	54.8840834840441	54	53.5883258696381
Kilteasheen	KT15calc	56.1941905513255	61.9813175608356	52	62.3100339168572	56.1941905513255	61.9813175608356	52	62.3100339168572	55	55.9525667358584	53	55.6486000030702
Kilteasheen	KT16calc	56.4728190114037	59.3563831867154	54	58.6261156072066	56.4728190114037	59.3563831867154	54	58.6261156072066	56	53.7674083759081	54	52.7543354167419
Kilteasheen	KT17calc	61.9315420911016	63.6025994716354	54	62.9546537780397	61.9315420911016	63.6025994716354	54	62.9546537780397	59	56.9736157515836	54	56.059235523003
Kilteasheen	KT18calc	58.5771883594807	63.5519144189905	51	64.1641947507263	58.5771883594807	63.5519144189905	51	64.1641947507263	56	57.1696031921594	52	57.1089083627098
Kilteasheen	KT19calc	54.7534551996833	65.5660066591106	51	64.2178500679426	54.7534551996833	65.5660066591106	51	64.2178500679426	55	58.3433134819231	51	56.9452671991527
Kilteasheen	KT20calc	58.8860624642535	63.610680330185	54	63.64225336416	58.8860624642535	63.610680330185	54	63.64225336416	57	57.0994038004135	54	56.4199337335264
Kilteasheen	KT21calc	59.9730633046045	61.8400352105263	55	61.4981465880371	59.9730633046045	61.8400352105263	55	61.4981465880371	58	56.0163961697136	55	54.8462704330754
Kilteasheen	KT22calc	55.4838157080567	62.0607179549694	54	61.0262933442639	55.4838157080567	62.0607179549694	54	61.0262933442639	57	55.4621330969262	54	54.3118941040222
Kilteasheen	KT23calc	60.0736657540283	63.6441312260945	55	61.7753740756645	60.0736657540283	63.6441312260945	55	61.7753740756645	59	56.0986625909509	55	54.6696602753538
Kilteasheen	KT24calc	57.4982669408083	63.2119964191128	51	63.4506691160043	57.4982669408083	63.2119964191128	51	63.4506691160043	55	56.6452276435386	51	56.4165773406783
Kilteasheen	KT25calc	56.7062315661668	68.6699994527589	49	69.2515469703661	56.7062315661668	68.6699994527589	49	69.2515469703661	55	62.7575287432796	49	62.9503807942044
Kilteasheen	KT26calc	52.3296064134243	66.0197098167541	51	65.2515288020092	52.3296064134243	66.0197098167541	51	65.2515288020092	53	58.8973141461828	51	58.1607430731816
Kilteasheen	KT27calc	56.0449428965283	67.4176383715482	52	67.263928120266	56.0449428965283	67.4176383715482	52	67.263928120266	56	60.9084924167925	52	60.411489926364
Kilteasheen	KT28calc	60.0238891802992	64.8174281636125	50	65.40581311456	60.0238891802992	64.8174281636125	50	65.40581311456	57	58.5661020987879	51	58.4062479883069
Kilteasheen	KT29calc	57.1333115637615	67.8355703578093	52	67.4488940106092	57.1333115637615	67.8355703578093	52	67.4488940106092	57	60.7974253954283	53	60.1231635696559
Kilteasheen	KT30calc	59.249039669741	64.7001740832677	54	65.1630897154764	59.249039669741	64.7001740832677	54	65.1630897154764	58	58.363598954525	55	58.1309912576516
Kilteasheen	KT31calc	53.4945771572209	67.4056016954801	52	67.5789606675674	53.4945771572209	67.4056016954801	52	67.5789606675674	54	60.3983613887976	52	60.2137300481205
Kilteasheen	KT32calc	55.4273916008302	65.0869289665153	53	65.4457845976918	55.4273916008302	65.0869289665153	53	65.4457845976918	56	58.3938982080481	53	58.1080512688784
Kilteasheen	KT33calc	58.7890036209392	66.2040368964028	52	66.1682368804238	58.7890036209392	66.2040368964028	52	66.1682368804238	58	59.4374400045484	52	59.0656252468914
Kilteasheen	KT34calc	60.4039765482791	64.3858505137169	56	64.2981788906234	60.4039765482791	64.3858505137169	56	64.2981788906234	58	58.4907271552804	57	57.1187694594933
Kilteasheen	KT35calc	59.4005533135817	65.6652731347582	54	66.2562711520933	59.4005533135817	65.6652731347582	54	66.2562711520933	57	59.0405419965121	54	58.903070269206
Kilteasheen	KT36calc	56.2881603616265	64.4686358220002	53	65.3640815264372	56.2881603616265	64.4686358220002	53	65.3640815264372	55	57.9911981017269	53	58.0278981681734
Middenbeemster	MID022.A0101	53.8139428209877	64.6344656676104	52	67.4898477536568	51	65.8633242795165	52	67.5101523287417	51	52.1079531297465	51	51.9489293153932
Middenbeemster	MID023.A0101	49.1822010869743	69.1968237500038	48	74.9038132754275	49.1822010869743	69.1968237500038	48	74.9038132754275	48	53.8474532207587	48	54.53748520764
Middenbeemster	MID024.A0101	50.715473399184	65.3279118219702	49	71.1421034524232	50.715473399184	65.3279118219702	49	71.1421034524232	50	53.2420724620082	48	54.0956310074873
Middenbeemster	MID025.A0101	47.3200659077677	66.6028837664273	48	71.4431328797656	47.3200659077677	66.6028837664273	48	71.4431328797656	46	54.6477742281416	47	53.9940157318327
Middenbeemster	MID026.A0101	51.9173908619343	71.454543357781	52	75.1831663692609	51.9173908619343	71.454543357781	52	75.1831663692609	52	55.4070119334657	51	55.3591822166342
Middenbeemster	MID027.A0101	50.9290096726373	67.7266021308542	48	73.5909579553918	50.9290096726373	67.7266021308542	48	73.5909579553918	49	53.2432896005887	47	53.4102719448365
Middenbeemster	MID028.A0101	48.4604344152213	67.5633285868197	48	74.5565921606973	48.4604344152213	67.5633285868197	48	74.5565921606973	47	53.8834576101443	47	55.1052287980063
Middenbeemster	MID029.A0101	47.9109006292383	70.089306560281	46	76.0056904471133	47.9109006292383	70.089306560281	46	76.0056904471133	46	55.8015278590201	46	56.9992707037075
Middenbeemster	MID030.A0101	49.7835504923869	70.4960876486193	46	72.8515394912564	48	71.7500436254682	46	72.8519958768086	48	55.8980923757384	45	54.8897148577185
Middenbeemster	MID031.A0101	48.0744831220281	67.9148449281451	49	73.7638442913322	48.0744831220281	67.9148449281451	49	73.7638442913322	46	55.3824464788009	48	55.6502461368637
Middenbeemster	MID032.A0101	47.4975172944502	66.3513134788872	47	72.1832366649449	44	68.666657102116	47	72.1928719970436	44	51.161302825126	46	54.2988033247505
Middenbeemster	MID033.A0101	48.6352482499651	66.4249656572287	46	72.2433645179676	48.6352482499651	66.4249656572287	46	72.2433645179676	45	53.5820016733073	45	54.3287696224156
Middenbeemster	MID034.A0101	42.5046093388557	67.5145699922116	45	68.2225590654964	36	69.5536411995275	45	68.2411315890098	36	54.6974015183257	45	52.7340267006618
Middenbeemster	MID035.A0101	50.3261436562887	66.4897507905892	47	68.0689822617468	50.3261436562887	66.4897507905892	47	68.0689822617468	50	52.6316815078639	47	52.4036387744471
Middenbeemster	MID036.A0101	48.5780351706143	67.0465863937225	48	70.5628825516159	48.5780351706143	67.0465863937225	48	70.5628825516159	48	52.1568181104788	47	52.6419834213685
Middenbeemster	MID037.A0101	49.7628942837528	69.8328050855688	48	74.0189454175816	49	70.0466761362369	48	74.0280984028725	49	55.0231568119414	47	55.2949562796171
Middenbeemster	MID038.A0101	49.1012000509679	63.0480934038509	49	68.8920377607992	49.1012000509679	63.0480934038509	49	68.8920377607992	49	51.2307516908779	49	51.8597068759465
Middenbeemster	MID039.A0101	48.5219054328065	67.750335808783	46	70.4734575232502	48.5219054328065	67.750335808783	46	70.4734575232502	49	53.9107510993461	46	53.9725159427167
Middenbeemster	MID040.A0101	48.8460053082331	66.1453298279248	47	67.189491614749	48.8460053082331	66.1453298279248	47	67.189491614749	47	53.0931370588462	46	52.931771310979
Middenbeemster	MID041.A0101	48.1735790235846	64.8734301546435	45	69.064427021634	48.1735790235846	64.8734301546435	45	69.064427021634	46	52.6020353545535	45	53.0625886617423
Middenbeemster	MID042.A0101	50.0059432711567	66.752615607797	46	67.9884211653026	50.0059432711567	66.752615607797	46	67.9884211653026	49	53.4452659413593	46	53.4186554670616
Middenbeemster	MID043.A0101	48.7741613353262	67.0419001165809	46	71.3746111210442	48.7741613353262	67.0419001165809	46	71.3746111210442	47	53.2802694271286	46	54.5805402073599
Middenbeemster	MID044.A0101	48.9058190982499	67.165791022449	47	71.0771705262975	48.9058190982499	67.165791022449	47	71.0771705262975	49	53.944164875535	47	54.4890520346219
Middenbeemster	MID045.A0101	48.81105399668	63.9395288860398	46	64.8605357714359	46	64.0621268369088	46	64.8635502624734	46	52.0434073445082	46	51.3553563880563
Middenbeemster	MID046.A0101	45.7859244877205	65.5939219375803	44	65.5247166228197	45.7859244877205	65.5939219375803	44	65.5247166228197	40	53.7618884965002	44	52.009592610308
Middenbeemster	MID047.A0101	51.6166893592303	67.3578701558707	49	69.9143585644738	51.6166893592303	67.3578701558707	49	69.9143585644738	52	53.5823961636832	48	53.3699784047428
Middenbeemster	MID048.A0101	51.6230117685356	65.1631491359693	48	62.4713583402604	51.6230117685356	65.1631491359693	48	62.4713583402604	50	51.5709253594209	47	49.8603978366905
Middenbeemster	MID049.A0101	46.2591510851708	69.4840085926439	46	77.3852803661106	45	70.0644346430892	46	77.3850448714323	45	55.1700048182811	46	56.7980752004979
Middenbeemster	MID050.A0101	47.2100675725937	65.1985543639222	47	72.2962838909929	44	67.9053380883584	47	72.3448586276192	45	53.8059130558349	46	54.4717543745032
Middenbeemster	MID051.A0101	49.9178140974378	65.9848153225402	47	72.2628610257711	49.9178140974378	65.9848153225402	47	72.2628610257711	48	52.7500307794405	46	53.9570188149214
Middenbeemster	MID053.A0101	45.5667316530633	62.2353716755093	45	62.3338633533197	45.5667316530633	62.2353716755093	45	62.3338633533197	43	51.5322231645168	44	50.0244167888854
Middenbeemster	MID054.A0101	49.8996101440426	71.1576841963691	48	73.4110732783615	48	71.6320805317445	48	73.4445564132591	48	55.8392589104394	47	55.4945088920383
Middenbeemster	MID055.A0101	56.1456934548136	65.3773590926384	50	67.6544830170758	53	65.9226819757661	50	67.6890914699139	53	52.4054724612213	49	51.8856810028836
Middenbeemster	MID056.A0101	59.7001331873032	68.8695491413753	54	69.1874453150506	60	68.5274037620357	54	69.2024362895131	60	53.5476628468755	54	53.2895065565344
Middenbeemster	MID057.A0101	53.8355046301272	70.0811956743403	51	70.3944233048656	52	70.5111305943026	51	70.4376310688819	52	54.5110566243109	50	53.643805775743
Middenbeemster	MID058.A0101	50.0549361069058	66.477866322457	47	68.6586076407707	50.0549361069058	66.477866322457	47	68.6586076407707	46	53.360009498122	47	52.7154086192527
Middenbeemster	MID059.A0101	54.6571412635464	67.4471302753691	47	68.1515484978427	53	68.5801333158191	47	68.1872640199259	53	53.7277568072709	47	52.7296481365112
Middenbeemster	MID060.A0101	49.033542738709	68.5347097742905	48	69.7843767052897	49.033542738709	68.5347097742905	48	69.7843767052897	45	54.1913739027271	47	53.5420419032501
Middenbeemster	MID061.A0101	52.0709913696007	74.5010492506173	51	73.1793776134653	53	73.8058396264533	51	73.1927975945609	53	56.1003856160514	51	54.3597749148998
Middenbeemster	MID062.A0101	51.6505972041517	67.6254073278706	49	67.7664143600043	51.6505972041517	67.6254073278706	49	67.7664143600043	49	53.4662659627698	49	52.8343521712306
Middenbeemster	MID063.A0101	49.0658636876107	67.2051627246915	46	67.6311394216931	49.0658636876107	67.2051627246915	46	67.6311394216931	47	54.1603358583739	46	52.6947729619796
Middenbeemster	MID064.A0101	50.3387677636573	65.3183394223027	46	67.0074736188348	50.3387677636573	65.3183394223027	46	67.0074736188348	45	53.3323114396234	47	52.4685889606362
Middenbeemster	MID065.A0101	46.7204751073408	66.8639785119005	46	70.1148858579433	46	66.5079172918382	46	70.1180139958211	46	53.5425490954376	46	53.6305355913296
Middenbeemster	MID066.A0101	55.1942565379265	67.2846217227041	50	67.5693050298045	55.1942565379265	67.2846217227041	50	67.5693050298045	54	53.03375399546	50	52.2894381227496
Middenbeemster	MID067.A0101	53.5324794335095	64.913725134046	47	66.9433856479134	53.5324794335095	64.913725134046	47	66.9433856479134	51	51.717451121293	46	52.1072571271609
Middenbeemster	MID068.A0101	54.2306838657159	67.0991095965803	49	66.1741336697018	54.2306838657159	67.0991095965803	49	66.1741336697018	52	52.5512299371983	49	51.5464642484552
Middenbeemster	MID068.B0101	44.0494123255643	60.1649876347089	44	59.3933525663766	44.0494123255643	60.1649876347089	44	59.3933525663766	43	50.0272550238112	43	49.1062547962035
Middenbeemster	MID070.A0101	50.1201914525369	67.5726063944737	51	65.6128285655476	49	66.8283233377468	51	65.6133671320987	49	52.3946153362898	50	51.192096112115
Middenbeemster	MID071.A0101	50.9611403104916	65.9379434151208	50	66.6620285776958	52	65.6084729876046	50	66.6643774032324	52	52.0572853937988	51	51.5652190206862
Middenbeemster	MID072.A0101	50.5940515101551	67.6068054649378	48	69.9395028372182	49	69.1833199536678	48	69.9498433669488	48	53.8268167121246	47	53.7042817628663
Middenbeemster	MID073.A0101	50.2005629103444	69.981492781878	51	69.1127687216449	50	68.7586596361267	51	69.137060558631	50	53.6984709348382	51	53.1641741086489
Middenbeemster	MID074.A0101	56.2464450995388	66.1698903411412	53	68.6604552660138	56.2464450995388	66.1698903411412	53	68.6604552660138	54	52.6532420170107	53	52.6732994955969
Middenbeemster	MID075.A0101	50.741149479284	63.1161743993087	46	66.0353936597061	50.741149479284	63.1161743993087	46	66.0353936597061	47	51.9836318014712	46	51.6972037891039
Middenbeemster	MID076.A0101	52.3855962627223	65.1337925539223	48	65.8682505023287	52.3855962627223	65.1337925539223	48	65.8682505023287	48	52.2103621636489	47	51.5009072547839
Middenbeemster	MID077.A0101	52.8971368675896	65.9651499114728	52	69.5136763390187	53	65.6230371013119	52	69.5646352399666	54	52.2825037832303	52	52.509066423039
Middenbeemster	MID078.A0101	51.611804039945	70.0737342872758	49	71.9244330497224	51.611804039945	70.0737342872758	49	71.9244330497224	51	54.2075484871468	50	53.8372598457472
Middenbeemster	MID079.A0101	47.6459803852033	72.9388498361025	44	72.8177378263862	47.6459803852033	72.9388498361025	44	72.8177378263862	46	54.9268749158577	44	54.4750055767127
Middenbeemster	MID080.A0101	50.7625298201691	71.1794636182389	50	69.5969075511085	50.7625298201691	71.1794636182389	50	69.5969075511085	50	54.1999797442625	50	52.8765021211519
Middenbeemster	MID081.A0101	54.8521267176988	64.3496782967715	51	67.2022805653232	54.8521267176988	64.3496782967715	51	67.2022805653232	53	52.4039324043847	50	51.9835727865085
Middenbeemster	MID082.A0101	53.2084314276733	66.207889227877	46	65.0622300839225	51	66.0088569041927	46	65.0788401593924	51	52.2972678198792	46	51.1271717930223
Middenbeemster	MID083.A0101	52.5530673382633	68.3788140186015	48	65.0694389379447	52	67.2846953237582	48	65.0732669450905	51	52.5081636342949	48	50.846598761573
Middenbeemster	MID084.A0101	53.8637116934504	66.5007180244844	52	68.2943292725476	52	68.7233595487758	52	68.3275541870685	51	53.655933062747	51	52.5803010118734
Middenbeemster	MID085.A0101	53.7022319544284	67.0391885316771	51	66.6574345809001	53	66.1512370470401	51	66.7078451732518	53	52.272789199965	50	51.6838420805443
Middenbeemster	MID086.A0101	54.5480631888455	68.2933630534717	52	70.1923895153516	54.5480631888455	68.2933630534717	52	70.1923895153516	53	54.1351168702239	52	53.726457376147
Middenbeemster	MID087.A0101	51.4269600403006	70.7450768265199	48	68.6188699417928	51.4269600403006	70.7450768265199	48	68.6188699417928	52	54.2188156768688	48	52.6429467026368
Middenbeemster	MID088.A0101	50.6565258003803	69.7470026319938	50	70.9714237908365	46	70.773835200975	50	71.0041476492721	47	54.826329758151	50	53.9868279145288
Middenbeemster	MID089.A0101	53.7327712471024	64.4639250322422	49	66.0097185185185	53.7327712471024	64.4639250322422	49	66.0097185185185	50	52.3255988086005	49	51.6480617871242
Middenbeemster	MID090.A0101	52.2588410288831	71.0346196621508	50	71.1118222682991	52.2588410288831	71.0346196621508	50	71.1118222682991	53	54.4100445927574	50	53.9256366933848
Middenbeemster	MID091.A0101	50.8837220651676	63.9926336777358	47	62.9500971476139	46	65.3792620088093	48	63.011856616715	44	52.360619510771	47	50.3883738129411
Middenbeemster	MID092.A0101	47.8199664267246	67.2679664147106	46	67.1724891953762	45	68.3109344117638	46	67.1801302886832	45	53.4604517637582	46	52.2037472087754
Middenbeemster	MID093.A0101	54.6871434341309	69.4786853834588	49	70.9203054837287	53	70.496190534921	50	70.951306902653	53	55.4980380790743	49	54.6652981854947
Middenbeemster	MID094.A0101	50.6097360287531	70.0292380964703	50	69.635477781147	52	69.8979699599964	50	69.6555583841801	52	54.3805666088135	50	53.3866881534609
Middenbeemster	MID097.A0101	51.0604384974092	62.7967522383391	47	65.105427165958	49	63.6829608932111	47	65.1109420763282	49	51.5110860212595	47	51.2807638860516
Middenbeemster	MID101.A0101	48.6052904611158	66.5362717026705	47	66.5090931599759	48.6052904611158	66.5362717026705	47	66.5090931599759	48	52.7089313441363	47	52.3271742278131
Middenbeemster	MID102.A0101	50.7236506407662	63.3410751330975	47	65.5306645166383	48	63.9856660016278	47	65.5310148241364	48	51.7888195301385	46	51.7104615033655
ELR	ELR006.A0101					56	67.574069928474	53	72.2010133057919	58	53.4419345847596	54	53.8521189537973
ELR	ELR008.A0101					57	65.0253919240223	51	72.9389536283919	59	51.7717070127246	53	54.1919957412212
ELR	ELR010.A0101					70	70.2325106142767	66	70.133556363291	70	55.3443138113872	67	54.3249636140474
IVE	IVE002.B0101					55	66.9661224398402	52	75.4444446033937	56	53.002117550348	53	54.8075151108261
IVE	IVE005.B0101					50	65.492201524323	51	72.8690020067589	52	52.2156605456428	52	53.1634441699195
IVE	IVE007.B0101					59	65.094249148968	56	72.49178133165	61	51.9727210435845	56	53.7020773612522
Jaen	JAE006.A0101					53	82.853032918984	48	83.1715202541319	53	61.5435785193112	48	60.9696113816506
Jaen	JAE007.A0101					49	83.12655260291	44	83.517976132515	49	61.6365434720954	44	61.1089687203125
Jaen	JAE008.A0101					57	84.1599396015096	55	84.4139531311061	57	63.1144473115055	55	62.5444780383836
Jaen	JAE009.A0101					58	82.7833504395056	56	82.3852675963566	58	61.7911470834702	55	60.4484920449178
Jaen	JAE010.A0101					56	82.4031971687865	54	81.8494820073054	56	60.8153284649071	54	59.5716615705044
Jaen	JAE012.A0101					54	83.2172314029324	52	83.4885522790762	54	63.370507156801	52	62.1823054232836
Jaen	JAE013.A0101					53	83.2091214369924	49	82.9286034424464	52	62.0605807065812	49	60.7132473432398
Jaen	JAE014.A0101					59	83.705800026735	57	84.0439603786698	58	63.6373039985162	56	62.7088276540102
Jaen	JAE015.A0101					59	83.5631270846888	55	83.7314168923606	59	62.702193580783	55	61.9856335916643
Jaen	JAE016.A0101					60	83.068520635355	55	83.2073792486113	59	62.5785107898269	55	61.9965915987974
ELR	ELR003.A0101									55	51.909649483013	47	52.980055780816
ELR	ELR004.A0101									55	50.179404177887	53	50.5801771509845
IVE	IVE003.A0101									59	49.1343920693388	56	50.8086309833631
IVE	IVE005.A0101									58	50.8040290235096	54	51.3006821705928
